"user_id","sid","play_count","rating"
"U1","s134058",27,"3"
"U1","s124022",25,"3"
"U1","s160997",38,"4"
"U1","s103065",21,"2"
"U1","s124507",15,"2"
"U1","s45404",41,"5"
"U1","s65161",47,"5"
"U1","s46435",26,"3"
"U1","s140714",31,"3"
"U1","s59134",16,"2"
"U1","s96849",30,"3"
"U1","s145255",6,"1"
"U1","s15180",43,"5"
"U1","s158240",8,"1"
"U1","s89709",22,"3"
"U1","s140169",22,"3"
"U1","s30538",39,"4"
"U1","s139061",31,"3"
"U1","s144608",48,"5"
"U1","s114905",17,"2"
"U1","s90077",50,"5"
"U1","s6216",49,"5"
"U1","s29394",34,"4"
"U1","s53241",4,"1"
"U2","s6134",49,"5"
"U2","s164595",23,"3"
"U2","s21812",43,"5"
"U2","s128089",7,"1"
"U2","s39895",29,"3"
"U2","s140712",15,"2"
"U2","s9326",23,"3"
"U2","s128064",26,"3"
"U2","s157582",38,"4"
"U2","s20960",46,"5"
"U2","s145475",32,"4"
"U2","s71503",7,"1"
"U2","s45221",27,"3"
"U2","s113842",42,"5"
"U2","s108780",5,"1"
"U2","s117066",6,"1"
"U2","s94335",16,"2"
"U2","s77585",24,"3"
"U2","s80686",32,"4"
"U2","s70563",21,"2"
"U2","s163678",11,"2"
"U2","s147224",36,"4"
"U3","s120572",14,"2"
"U3","s46419",16,"2"
"U3","s38951",23,"3"
"U3","s82906",33,"4"
"U3","s59847",40,"4"
"U3","s83504",40,"4"
"U3","s64595",10,"1"
"U3","s157735",25,"3"
"U3","s104948",8,"1"
"U3","s26384",18,"2"
"U3","s142256",9,"1"
"U3","s145245",7,"1"
"U3","s53802",7,"1"
"U3","s149588",10,"1"
"U3","s134536",24,"3"
"U3","s96853",23,"3"
"U3","s45762",26,"3"
"U3","s101062",43,"5"
"U3","s17096",33,"4"
"U3","s75556",29,"3"
"U3","s35837",10,"1"
"U4","s129229",7,"1"
"U4","s135947",41,"5"
"U4","s49716",48,"5"
"U4","s91527",17,"2"
"U4","s3799",45,"5"
"U4","s69792",28,"3"
"U4","s4713",40,"4"
"U4","s49431",7,"1"
"U4","s129902",20,"2"
"U4","s72027",18,"2"
"U4","s51418",29,"3"
"U4","s116593",17,"2"
"U4","s106833",33,"4"
"U4","s10266",2,"1"
"U4","s160725",49,"5"
"U4","s156604",2,"1"
"U4","s46746",13,"2"
"U4","s23252",24,"3"
"U4","s120306",49,"5"
"U4","s88735",3,"1"
"U4","s55953",18,"2"
"U4","s6804",2,"1"
"U4","s87713",37,"4"
"U4","s105988",12,"2"
"U4","s113889",13,"2"
"U4","s20597",42,"5"
"U4","s45704",6,"1"
"U4","s27181",42,"5"
"U4","s100010",42,"5"
"U4","s162950",38,"4"
"U5","s137981",30,"3"
"U5","s148803",41,"5"
"U5","s138800",48,"5"
"U5","s130159",8,"1"
"U5","s25917",39,"4"
"U5","s153310",10,"1"
"U5","s20772",17,"2"
"U5","s79638",18,"2"
"U5","s83628",40,"4"
"U5","s62300",42,"5"
"U5","s31357",11,"2"
"U5","s166951",49,"5"
"U5","s39077",44,"5"
"U5","s150924",2,"1"
"U5","s76053",19,"2"
"U5","s62463",13,"2"
"U5","s146462",13,"2"
"U5","s7090",31,"3"
"U5","s137590",30,"3"
"U5","s149619",22,"3"
"U5","s47954",30,"3"
"U5","s115370",10,"1"
"U5","s15764",16,"2"
"U5","s81044",5,"1"
"U5","s53204",36,"4"
"U6","s28112",16,"2"
"U6","s82124",19,"2"
"U6","s23174",8,"1"
"U6","s89487",31,"3"
"U6","s166203",37,"4"
"U6","s30456",39,"4"
"U6","s56368",48,"5"
"U6","s4106",16,"2"
"U6","s85272",9,"1"
"U6","s99537",11,"2"
"U6","s64821",43,"5"
"U6","s2589",30,"3"
"U6","s88390",10,"1"
"U6","s100634",34,"4"
"U6","s52491",38,"4"
"U6","s136411",20,"2"
"U6","s152542",46,"5"
"U6","s168388",14,"2"
"U6","s115952",6,"1"
"U6","s91440",18,"2"
"U6","s36262",2,"1"
"U6","s169572",8,"1"
"U6","s62233",11,"2"
"U6","s57585",21,"2"
"U6","s149541",7,"1"
"U6","s129590",23,"3"
"U6","s165583",8,"1"
"U7","s14417",40,"4"
"U7","s117888",20,"2"
"U7","s156316",14,"2"
"U7","s136668",25,"3"
"U7","s60101",45,"5"
"U7","s168239",7,"1"
"U7","s69232",40,"4"
"U7","s154046",35,"4"
"U7","s112243",31,"3"
"U7","s135985",22,"3"
"U7","s141373",16,"2"
"U7","s76908",22,"3"
"U7","s149619",29,"3"
"U7","s104024",33,"4"
"U7","s29370",44,"5"
"U7","s36086",50,"5"
"U7","s82171",31,"3"
"U7","s9182",46,"5"
"U7","s103746",8,"1"
"U8","s92859",1,"1"
"U8","s42425",16,"2"
"U8","s142359",2,"1"
"U8","s118244",40,"4"
"U8","s21128",14,"2"
"U8","s134308",12,"2"
"U8","s21059",26,"3"
"U8","s111085",8,"1"
"U8","s83740",41,"5"
"U8","s75985",8,"1"
"U8","s167605",9,"1"
"U8","s97930",33,"4"
"U8","s2406",3,"1"
"U8","s33672",40,"4"
"U9","s53705",6,"1"
"U9","s30237",7,"1"
"U9","s166628",4,"1"
"U9","s32076",10,"1"
"U9","s26715",17,"2"
"U9","s18388",48,"5"
"U9","s82526",8,"1"
"U9","s155049",3,"1"
"U9","s162387",44,"5"
"U9","s43755",46,"5"
"U9","s74659",37,"4"
"U10","s43681",3,"1"
"U10","s63074",11,"2"
"U10","s40156",10,"1"
"U10","s81018",29,"3"
"U10","s152453",23,"3"
"U10","s130532",5,"1"
"U10","s164131",24,"3"
"U10","s62183",32,"4"
"U10","s4925",25,"3"
"U10","s158889",11,"2"
"U10","s42431",10,"1"
"U10","s10309",15,"2"
"U10","s115474",31,"3"
"U10","s131927",10,"1"
"U10","s123976",45,"5"
"U10","s7032",24,"3"
"U10","s158649",35,"4"
"U10","s168143",50,"5"
"U10","s53181",10,"1"
"U10","s1316",8,"1"
"U10","s134407",44,"5"
"U10","s43800",42,"5"
"U10","s115524",32,"4"
"U11","s63956",11,"2"
"U11","s6090",33,"4"
"U11","s26570",11,"2"
"U11","s92751",38,"4"
"U11","s167791",21,"2"
"U11","s89926",10,"1"
"U11","s107835",50,"5"
"U11","s157939",3,"1"
"U11","s33303",35,"4"
"U11","s40847",34,"4"
"U11","s125040",40,"4"
"U11","s49941",28,"3"
"U11","s53730",13,"2"
"U11","s154116",8,"1"
"U11","s161080",2,"1"
"U11","s125820",6,"1"
"U12","s161357",48,"5"
"U12","s132330",5,"1"
"U12","s36679",21,"2"
"U12","s161772",31,"3"
"U12","s38376",36,"4"
"U12","s103642",27,"3"
"U12","s148689",23,"3"
"U12","s15154",3,"1"
"U12","s94868",15,"2"
"U12","s75317",42,"5"
"U12","s159049",39,"4"
"U12","s161015",7,"1"
"U12","s81426",34,"4"
"U12","s46456",31,"3"
"U12","s167466",18,"2"
"U12","s43202",18,"2"
"U12","s84428",35,"4"
"U12","s113216",40,"4"
"U12","s20075",46,"5"
"U12","s136166",9,"1"
"U12","s101642",15,"2"
"U12","s63843",17,"2"
"U12","s51670",7,"1"
"U12","s41953",30,"3"
"U12","s83324",8,"1"
"U12","s158589",1,"1"
"U13","s119691",35,"4"
"U13","s102798",14,"2"
"U13","s143708",37,"4"
"U13","s151619",50,"5"
"U13","s69340",24,"3"
"U13","s37247",30,"3"
"U13","s168087",8,"1"
"U13","s168280",20,"2"
"U13","s18876",10,"1"
"U13","s17017",22,"3"
"U13","s26566",50,"5"
"U13","s62506",17,"2"
"U13","s92120",9,"1"
"U13","s170336",35,"4"
"U13","s89914",37,"4"
"U13","s55992",21,"2"
"U13","s144835",16,"2"
"U13","s15828",26,"3"
"U14","s139190",32,"4"
"U14","s94989",27,"3"
"U14","s56269",44,"5"
"U14","s31897",48,"5"
"U14","s4244",15,"2"
"U14","s51469",1,"1"
"U14","s27299",44,"5"
"U14","s147828",10,"1"
"U14","s5176",22,"3"
"U14","s25047",42,"5"
"U14","s72856",36,"4"
"U14","s163422",41,"5"
"U15","s18304",18,"2"
"U15","s133833",44,"5"
"U15","s99007",50,"5"
"U15","s131148",39,"4"
"U15","s147101",26,"3"
"U15","s168925",36,"4"
"U15","s40302",36,"4"
"U15","s75133",3,"1"
"U15","s4297",25,"3"
"U15","s63754",11,"2"
"U15","s47529",30,"3"
"U15","s168178",16,"2"
"U15","s55888",47,"5"
"U15","s115088",11,"2"
"U15","s83618",38,"4"
"U15","s101534",32,"4"
"U15","s165562",31,"3"
"U15","s19879",37,"4"
"U15","s113604",2,"1"
"U15","s168366",22,"3"
"U15","s162931",17,"2"
"U15","s120368",5,"1"
"U15","s101916",15,"2"
"U15","s137601",32,"4"
"U15","s15524",35,"4"
"U15","s138125",27,"3"
"U15","s82255",22,"3"
"U15","s2222",25,"3"
"U15","s87671",15,"2"
"U16","s75938",35,"4"
"U16","s28613",13,"2"
"U16","s150658",14,"2"
"U16","s142807",4,"1"
"U16","s105747",25,"3"
"U16","s53971",29,"3"
"U16","s127982",16,"2"
"U16","s23248",41,"5"
"U16","s136040",48,"5"
"U16","s24728",9,"1"
"U16","s52551",37,"4"
"U16","s30541",22,"3"
"U17","s87576",8,"1"
"U17","s103582",43,"5"
"U17","s61118",24,"3"
"U17","s159607",5,"1"
"U17","s150757",14,"2"
"U17","s90544",33,"4"
"U17","s56471",1,"1"
"U17","s99374",37,"4"
"U17","s163733",35,"4"
"U17","s49408",4,"1"
"U17","s160071",35,"4"
"U17","s17711",46,"5"
"U17","s73171",18,"2"
"U17","s47505",10,"1"
"U17","s7789",12,"2"
"U17","s114542",48,"5"
"U17","s143519",3,"1"
"U17","s122145",26,"3"
"U17","s135370",12,"2"
"U17","s25948",37,"4"
"U17","s47534",45,"5"
"U17","s68703",8,"1"
"U17","s93017",17,"2"
"U18","s156006",29,"3"
"U18","s887",30,"3"
"U18","s28360",1,"1"
"U18","s131986",47,"5"
"U18","s92958",14,"2"
"U18","s145477",7,"1"
"U18","s45533",34,"4"
"U18","s92684",10,"1"
"U18","s96754",15,"2"
"U18","s36234",19,"2"
"U18","s63967",18,"2"
"U18","s5799",46,"5"
"U18","s91468",22,"3"
"U18","s20874",18,"2"
"U19","s108355",17,"2"
"U19","s142900",41,"5"
"U19","s41326",25,"3"
"U19","s93865",47,"5"
"U19","s52007",12,"2"
"U19","s87021",19,"2"
"U19","s38758",7,"1"
"U19","s16730",11,"2"
"U19","s118213",15,"2"
"U19","s105437",9,"1"
"U19","s102059",46,"5"
"U19","s130068",24,"3"
"U19","s94183",19,"2"
"U19","s398",11,"2"
"U19","s3851",33,"4"
"U19","s38124",9,"1"
"U19","s27724",41,"5"
"U19","s123715",23,"3"
"U19","s138251",17,"2"
"U19","s96139",10,"1"
"U19","s156924",8,"1"
"U19","s83687",18,"2"
"U19","s67632",24,"3"
"U19","s73471",38,"4"
"U19","s18032",25,"3"
"U19","s27785",50,"5"
"U19","s133692",7,"1"
"U19","s144605",39,"4"
"U20","s4176",25,"3"
"U20","s99134",21,"2"
"U20","s72732",40,"4"
"U20","s20570",5,"1"
"U20","s51114",5,"1"
"U20","s78457",19,"2"
"U20","s160350",44,"5"
"U20","s39404",30,"3"
"U20","s53042",7,"1"
"U20","s131424",46,"5"
"U20","s65920",17,"2"
"U20","s155235",29,"3"
"U20","s119521",34,"4"
"U20","s32763",17,"2"
"U20","s91819",11,"2"
"U20","s132263",14,"2"
"U20","s130552",40,"4"
"U20","s153732",33,"4"
"U20","s107421",34,"4"
"U20","s39396",10,"1"
"U20","s82243",34,"4"
"U21","s62220",4,"1"
"U21","s148513",4,"1"
"U21","s117675",43,"5"
"U21","s97035",32,"4"
"U21","s73267",28,"3"
"U21","s166475",21,"2"
"U21","s2461",6,"1"
"U21","s112876",42,"5"
"U21","s60678",20,"2"
"U21","s1777",17,"2"
"U21","s153317",11,"2"
"U21","s92799",40,"4"
"U21","s97349",21,"2"
"U21","s114494",37,"4"
"U21","s59390",32,"4"
"U22","s147201",25,"3"
"U22","s80972",38,"4"
"U22","s92739",30,"3"
"U22","s68545",38,"4"
"U22","s13053",40,"4"
"U22","s21205",4,"1"
"U22","s147705",17,"2"
"U22","s25737",6,"1"
"U22","s138438",26,"3"
"U22","s29087",39,"4"
"U22","s141385",32,"4"
"U22","s36835",27,"3"
"U22","s169894",39,"4"
"U22","s107409",11,"2"
"U22","s3436",21,"2"
"U22","s169565",33,"4"
"U22","s106293",8,"1"
"U22","s119951",17,"2"
"U22","s102385",30,"3"
"U22","s99526",14,"2"
"U22","s35290",24,"3"
"U22","s34591",7,"1"
"U22","s67651",3,"1"
"U22","s3104",33,"4"
"U22","s30743",24,"3"
"U22","s83926",15,"2"
"U22","s99735",27,"3"
"U22","s1139",24,"3"
"U23","s161164",12,"2"
"U23","s13448",7,"1"
"U23","s9046",3,"1"
"U23","s95109",46,"5"
"U23","s81997",18,"2"
"U23","s141919",48,"5"
"U23","s75796",49,"5"
"U23","s58552",6,"1"
"U23","s114825",30,"3"
"U23","s9471",6,"1"
"U23","s33714",36,"4"
"U23","s105929",29,"3"
"U23","s134721",37,"4"
"U23","s80075",46,"5"
"U23","s17521",42,"5"
"U23","s105422",40,"4"
"U23","s143602",42,"5"
"U23","s146958",46,"5"
"U23","s12893",29,"3"
"U23","s81969",47,"5"
"U23","s113324",32,"4"
"U23","s168928",1,"1"
"U23","s145682",34,"4"
"U24","s119621",23,"3"
"U24","s8375",21,"2"
"U24","s39665",44,"5"
"U24","s109170",39,"4"
"U24","s99739",37,"4"
"U24","s141120",32,"4"
"U24","s47697",50,"5"
"U24","s161518",40,"4"
"U24","s157098",15,"2"
"U24","s44480",32,"4"
"U24","s10078",7,"1"
"U24","s137267",14,"2"
"U24","s85884",42,"5"
"U24","s62921",48,"5"
"U24","s165298",25,"3"
"U24","s41278",3,"1"
"U24","s93371",23,"3"
"U24","s110166",11,"2"
"U24","s76719",31,"3"
"U24","s34194",3,"1"
"U24","s61003",8,"1"
"U24","s148763",27,"3"
"U24","s28539",27,"3"
"U24","s76320",49,"5"
"U25","s141100",19,"2"
"U25","s12211",19,"2"
"U25","s86861",13,"2"
"U25","s2635",33,"4"
"U25","s63022",38,"4"
"U25","s131644",37,"4"
"U25","s112501",50,"5"
"U25","s82840",7,"1"
"U25","s44013",26,"3"
"U25","s44948",17,"2"
"U25","s11436",47,"5"
"U25","s70821",37,"4"
"U25","s168013",37,"4"
"U25","s156766",32,"4"
"U25","s166032",45,"5"
"U25","s168038",40,"4"
"U25","s130570",33,"4"
"U25","s121563",36,"4"
"U25","s96471",50,"5"
"U25","s21302",4,"1"
"U25","s61762",40,"4"
"U25","s132544",28,"3"
"U26","s82487",49,"5"
"U26","s20439",12,"2"
"U26","s128412",14,"2"
"U26","s160780",10,"1"
"U26","s134360",39,"4"
"U26","s124299",16,"2"
"U26","s98520",34,"4"
"U26","s11159",10,"1"
"U26","s72778",2,"1"
"U26","s101252",21,"2"
"U26","s124618",8,"1"
"U26","s158716",33,"4"
"U26","s81147",33,"4"
"U26","s57436",15,"2"
"U26","s40703",24,"3"
"U26","s143539",18,"2"
"U26","s86872",35,"4"
"U26","s38461",16,"2"
"U26","s34622",4,"1"
"U26","s45776",39,"4"
"U26","s15127",34,"4"
"U26","s136262",46,"5"
"U26","s144907",28,"3"
"U26","s4798",36,"4"
"U26","s141319",49,"5"
"U26","s23948",19,"2"
"U26","s95993",23,"3"
"U26","s47840",8,"1"
"U26","s4343",19,"2"
"U26","s27682",7,"1"
"U27","s101266",15,"2"
"U27","s59056",26,"3"
"U27","s105495",37,"4"
"U27","s60043",23,"3"
"U27","s86011",11,"2"
"U27","s108633",48,"5"
"U27","s30481",25,"3"
"U27","s109773",10,"1"
"U27","s66329",34,"4"
"U27","s137673",28,"3"
"U27","s159548",6,"1"
"U27","s153304",12,"2"
"U27","s119910",19,"2"
"U27","s90572",44,"5"
"U27","s163561",35,"4"
"U27","s55439",8,"1"
"U27","s25605",28,"3"
"U27","s114257",45,"5"
"U27","s100403",48,"5"
"U27","s44288",2,"1"
"U27","s16007",13,"2"
"U28","s6502",47,"5"
"U28","s134175",13,"2"
"U28","s142444",27,"3"
"U28","s169629",18,"2"
"U28","s32411",47,"5"
"U28","s11080",44,"5"
"U28","s20992",9,"1"
"U28","s20316",35,"4"
"U28","s140795",45,"5"
"U28","s148266",9,"1"
"U28","s84846",48,"5"
"U28","s74827",5,"1"
"U28","s109184",40,"4"
"U28","s51497",28,"3"
"U28","s165637",18,"2"
"U28","s83206",6,"1"
"U28","s81105",40,"4"
"U28","s87170",43,"5"
"U28","s11722",43,"5"
"U28","s167080",22,"3"
"U28","s163870",26,"3"
"U28","s51264",38,"4"
"U29","s165960",39,"4"
"U29","s29782",30,"3"
"U29","s133110",21,"2"
"U29","s70617",27,"3"
"U29","s115436",38,"4"
"U29","s168095",47,"5"
"U29","s25197",2,"1"
"U29","s117751",46,"5"
"U29","s72349",36,"4"
"U29","s50939",10,"1"
"U29","s19460",37,"4"
"U29","s106192",44,"5"
"U29","s141427",4,"1"
"U30","s145931",28,"3"
"U30","s86255",15,"2"
"U30","s109417",6,"1"
"U30","s16288",15,"2"
"U30","s133975",34,"4"
"U30","s18333",49,"5"
"U30","s1513",35,"4"
"U30","s63664",50,"5"
"U30","s38154",10,"1"
"U30","s118115",12,"2"
"U30","s58303",8,"1"
"U30","s146893",8,"1"
"U31","s132945",40,"4"
"U31","s160199",49,"5"
"U31","s154125",4,"1"
"U31","s130330",10,"1"
"U31","s20876",49,"5"
"U31","s38288",10,"1"
"U31","s130821",5,"1"
"U31","s64593",11,"2"
"U31","s112997",41,"5"
"U31","s56107",12,"2"
"U31","s32727",5,"1"
"U31","s153582",24,"3"
"U31","s125002",4,"1"
"U31","s168207",34,"4"
"U31","s137949",32,"4"
"U31","s59280",1,"1"
"U31","s142028",19,"2"
"U31","s159021",48,"5"
"U32","s43970",49,"5"
"U32","s46618",31,"3"
"U32","s48412",8,"1"
"U32","s132678",37,"4"
"U32","s94428",12,"2"
"U32","s101239",20,"2"
"U32","s151302",5,"1"
"U32","s140345",50,"5"
"U32","s58954",40,"4"
"U32","s51417",35,"4"
"U32","s72796",5,"1"
"U32","s44195",8,"1"
"U32","s102675",44,"5"
"U32","s84257",37,"4"
"U32","s140163",26,"3"
"U32","s16576",25,"3"
"U32","s152896",47,"5"
"U32","s59136",42,"5"
"U32","s47087",22,"3"
"U32","s125425",31,"3"
"U33","s17161",41,"5"
"U33","s13073",1,"1"
"U33","s17770",11,"2"
"U33","s157629",8,"1"
"U33","s144668",50,"5"
"U33","s21727",14,"2"
"U33","s115853",8,"1"
"U33","s155871",8,"1"
"U33","s72029",7,"1"
"U33","s55886",50,"5"
"U33","s128205",8,"1"
"U33","s111048",9,"1"
"U33","s2873",38,"4"
"U33","s121421",43,"5"
"U33","s127929",48,"5"
"U33","s11181",42,"5"
"U33","s91090",37,"4"
"U33","s41237",9,"1"
"U33","s91497",3,"1"
"U33","s28528",34,"4"
"U33","s85565",35,"4"
"U33","s41277",1,"1"
"U33","s46999",40,"4"
"U33","s111614",3,"1"
"U33","s39196",32,"4"
"U33","s81028",6,"1"
"U33","s71581",40,"4"
"U33","s109276",15,"2"
"U33","s140114",17,"2"
"U34","s139845",4,"1"
"U34","s130340",35,"4"
"U34","s74524",10,"1"
"U34","s169405",1,"1"
"U34","s53344",20,"2"
"U34","s159594",19,"2"
"U34","s79026",39,"4"
"U34","s155932",39,"4"
"U34","s77563",32,"4"
"U34","s113685",32,"4"
"U34","s56933",39,"4"
"U34","s143580",37,"4"
"U34","s119093",42,"5"
"U34","s134981",48,"5"
"U34","s116443",31,"3"
"U34","s57055",22,"3"
"U34","s156235",21,"2"
"U34","s46145",28,"3"
"U34","s156718",47,"5"
"U34","s29709",14,"2"
"U34","s25457",25,"3"
"U34","s155716",33,"4"
"U34","s126963",37,"4"
"U34","s136789",12,"2"
"U34","s27584",20,"2"
"U34","s113781",7,"1"
"U34","s43579",28,"3"
"U34","s32409",33,"4"
"U34","s155924",41,"5"
"U35","s119831",22,"3"
"U35","s119255",33,"4"
"U35","s137431",34,"4"
"U35","s43540",36,"4"
"U35","s140681",38,"4"
"U35","s147217",5,"1"
"U35","s33775",27,"3"
"U35","s8181",19,"2"
"U35","s104471",12,"2"
"U35","s26577",33,"4"
"U35","s146967",10,"1"
"U35","s83084",31,"3"
"U35","s3702",36,"4"
"U35","s168839",10,"1"
"U35","s103683",15,"2"
"U35","s31636",28,"3"
"U35","s13444",36,"4"
"U35","s118152",26,"3"
"U35","s109455",8,"1"
"U35","s14025",22,"3"
"U35","s40053",46,"5"
"U35","s146109",8,"1"
"U35","s85221",42,"5"
"U35","s1048",6,"1"
"U36","s122798",18,"2"
"U36","s119060",22,"3"
"U36","s3586",39,"4"
"U36","s32616",35,"4"
"U36","s53463",30,"3"
"U36","s55637",3,"1"
"U36","s100788",45,"5"
"U36","s84671",8,"1"
"U36","s89641",9,"1"
"U36","s128004",32,"4"
"U36","s155827",31,"3"
"U36","s118184",30,"3"
"U36","s66722",25,"3"
"U37","s143170",49,"5"
"U37","s7186",21,"2"
"U37","s86323",22,"3"
"U37","s127600",34,"4"
"U37","s67500",23,"3"
"U37","s138927",24,"3"
"U37","s93619",37,"4"
"U37","s114036",35,"4"
"U37","s69538",37,"4"
"U37","s78922",36,"4"
"U37","s99207",45,"5"
"U37","s55503",48,"5"
"U37","s32911",13,"2"
"U37","s46897",4,"1"
"U37","s3221",47,"5"
"U37","s82084",16,"2"
"U37","s86966",42,"5"
"U37","s121356",23,"3"
"U37","s55579",32,"4"
"U37","s127512",48,"5"
"U37","s120872",23,"3"
"U38","s5875",39,"4"
"U38","s118710",29,"3"
"U38","s133690",10,"1"
"U38","s137979",8,"1"
"U38","s150676",12,"2"
"U38","s90612",46,"5"
"U38","s100583",32,"4"
"U38","s93301",21,"2"
"U38","s20923",31,"3"
"U38","s131148",19,"2"
"U38","s63516",39,"4"
"U38","s128668",24,"3"
"U38","s74412",9,"1"
"U38","s159466",8,"1"
"U39","s88029",24,"3"
"U39","s23082",21,"2"
"U39","s105007",48,"5"
"U39","s154257",21,"2"
"U39","s139487",37,"4"
"U39","s170404",11,"2"
"U39","s35566",49,"5"
"U39","s135322",32,"4"
"U39","s43761",23,"3"
"U39","s141637",11,"2"
"U39","s31389",23,"3"
"U40","s129116",37,"4"
"U40","s118545",18,"2"
"U40","s142882",14,"2"
"U40","s6985",38,"4"
"U40","s154628",22,"3"
"U40","s125046",29,"3"
"U40","s40313",19,"2"
"U40","s146899",19,"2"
"U40","s53162",50,"5"
"U40","s8600",38,"4"
"U40","s109948",40,"4"
"U40","s61359",7,"1"
"U40","s82303",31,"3"
"U41","s12426",40,"4"
"U41","s124879",25,"3"
"U41","s100957",1,"1"
"U41","s47741",26,"3"
"U41","s94402",16,"2"
"U41","s53525",15,"2"
"U41","s1158",14,"2"
"U41","s162394",10,"1"
"U41","s160121",28,"3"
"U41","s50189",48,"5"
"U41","s137311",14,"2"
"U41","s97950",13,"2"
"U41","s83753",8,"1"
"U41","s137004",27,"3"
"U41","s91324",18,"2"
"U41","s40859",15,"2"
"U41","s96946",34,"4"
"U41","s37807",21,"2"
"U41","s19126",25,"3"
"U41","s40645",11,"2"
"U41","s11204",1,"1"
"U42","s120231",31,"3"
"U42","s106064",21,"2"
"U42","s109080",4,"1"
"U42","s22094",45,"5"
"U42","s158366",15,"2"
"U42","s106579",35,"4"
"U42","s60492",50,"5"
"U42","s123526",32,"4"
"U42","s84952",4,"1"
"U42","s78753",18,"2"
"U42","s80222",44,"5"
"U42","s6078",17,"2"
"U42","s116968",43,"5"
"U42","s136597",10,"1"
"U42","s9321",47,"5"
"U42","s87038",20,"2"
"U42","s98213",16,"2"
"U42","s62539",31,"3"
"U42","s164674",36,"4"
"U42","s142189",46,"5"
"U42","s110634",6,"1"
"U42","s7807",5,"1"
"U43","s65174",26,"3"
"U43","s149890",4,"1"
"U43","s62877",18,"2"
"U43","s139385",43,"5"
"U43","s53636",43,"5"
"U43","s68499",22,"3"
"U43","s1042",46,"5"
"U43","s7902",30,"3"
"U43","s158909",6,"1"
"U43","s126590",4,"1"
"U43","s22342",12,"2"
"U44","s16123",31,"3"
"U44","s23797",18,"2"
"U44","s113098",34,"4"
"U44","s164567",18,"2"
"U44","s141190",8,"1"
"U44","s31519",29,"3"
"U44","s129659",37,"4"
"U44","s2936",41,"5"
"U44","s102686",35,"4"
"U44","s150783",38,"4"
"U44","s15215",46,"5"
"U44","s46600",37,"4"
"U44","s92075",34,"4"
"U44","s59898",27,"3"
"U44","s79828",41,"5"
"U44","s2665",4,"1"
"U44","s7395",30,"3"
"U44","s7284",12,"2"
"U44","s50313",1,"1"
"U44","s166918",33,"4"
"U44","s113222",50,"5"
"U44","s170443",26,"3"
"U44","s123403",32,"4"
"U44","s152976",12,"2"
"U44","s12539",11,"2"
"U45","s155147",50,"5"
"U45","s164367",26,"3"
"U45","s107932",35,"4"
"U45","s87358",36,"4"
"U45","s5019",11,"2"
"U45","s59811",25,"3"
"U45","s132566",44,"5"
"U45","s54427",13,"2"
"U45","s6674",18,"2"
"U45","s103333",43,"5"
"U45","s14539",8,"1"
"U45","s92493",16,"2"
"U45","s82059",15,"2"
"U45","s116869",31,"3"
"U45","s104747",21,"2"
"U45","s149007",31,"3"
"U45","s68369",50,"5"
"U45","s17786",37,"4"
"U45","s101443",7,"1"
"U45","s62731",31,"3"
"U45","s140004",31,"3"
"U46","s83178",47,"5"
"U46","s2320",17,"2"
"U46","s148105",17,"2"
"U46","s64201",34,"4"
"U46","s18841",40,"4"
"U46","s78747",35,"4"
"U46","s116252",42,"5"
"U46","s25593",27,"3"
"U46","s7896",49,"5"
"U46","s15773",18,"2"
"U46","s101694",3,"1"
"U46","s122319",24,"3"
"U46","s167506",2,"1"
"U46","s150501",45,"5"
"U46","s13442",3,"1"
"U46","s91506",16,"2"
"U46","s96486",30,"3"
"U46","s129552",21,"2"
"U46","s8483",9,"1"
"U46","s153463",48,"5"
"U46","s101617",42,"5"
"U46","s162719",26,"3"
"U46","s57934",17,"2"
"U46","s90271",46,"5"
"U46","s33971",41,"5"
"U46","s48696",35,"4"
"U46","s68755",36,"4"
"U47","s58214",38,"4"
"U47","s54474",26,"3"
"U47","s152791",38,"4"
"U47","s126160",48,"5"
"U47","s117501",43,"5"
"U47","s68117",49,"5"
"U47","s54361",40,"4"
"U47","s143215",29,"3"
"U47","s145906",23,"3"
"U47","s66446",7,"1"
"U48","s122257",1,"1"
"U48","s47782",14,"2"
"U48","s74666",5,"1"
"U48","s76594",13,"2"
"U48","s48498",15,"2"
"U48","s90274",28,"3"
"U48","s1962",38,"4"
"U48","s116156",20,"2"
"U48","s135029",41,"5"
"U48","s123012",20,"2"
"U48","s39962",7,"1"
"U48","s68716",32,"4"
"U48","s35850",44,"5"
"U49","s145202",16,"2"
"U49","s84514",20,"2"
"U49","s167011",46,"5"
"U49","s31525",1,"1"
"U49","s145412",17,"2"
"U49","s117778",50,"5"
"U49","s118051",9,"1"
"U49","s121053",38,"4"
"U49","s85610",32,"4"
"U49","s86583",40,"4"
"U49","s105057",40,"4"
"U49","s89593",25,"3"
"U49","s83113",10,"1"
"U49","s131470",50,"5"
"U49","s28408",26,"3"
"U49","s33767",48,"5"
"U49","s108137",32,"4"
"U49","s67148",19,"2"
"U49","s54409",40,"4"
"U49","s134226",11,"2"
"U49","s131977",15,"2"
"U49","s36988",7,"1"
"U49","s82402",28,"3"
"U49","s84410",3,"1"
"U49","s41322",18,"2"
"U49","s75028",18,"2"
"U49","s96063",25,"3"
"U49","s62186",18,"2"
"U49","s62706",33,"4"
"U49","s98220",30,"3"
"U50","s94483",36,"4"
"U50","s130560",32,"4"
"U50","s20644",4,"1"
"U50","s5872",10,"1"
"U50","s100328",10,"1"
"U50","s55395",1,"1"
"U50","s17156",46,"5"
"U50","s53488",29,"3"
"U50","s23568",36,"4"
"U50","s100837",40,"4"
"U50","s91975",11,"2"
"U50","s136336",6,"1"
"U50","s119079",49,"5"
"U51","s9411",27,"3"
"U51","s101112",50,"5"
"U51","s130030",5,"1"
"U51","s141402",22,"3"
"U51","s67250",46,"5"
"U51","s51442",44,"5"
"U51","s77000",40,"4"
"U51","s153414",32,"4"
"U51","s167926",7,"1"
"U51","s111675",22,"3"
"U51","s112407",36,"4"
"U51","s26753",33,"4"
"U51","s67140",34,"4"
"U51","s169515",1,"1"
"U51","s133982",37,"4"
"U51","s122562",11,"2"
"U51","s27470",40,"4"
"U51","s19698",41,"5"
"U51","s149131",48,"5"
"U51","s80295",13,"2"
"U51","s60334",17,"2"
"U52","s3642",3,"1"
"U52","s108338",5,"1"
"U52","s77580",45,"5"
"U52","s32900",13,"2"
"U52","s57201",15,"2"
"U52","s141339",6,"1"
"U52","s95473",1,"1"
"U52","s154071",10,"1"
"U52","s132620",50,"5"
"U52","s146113",25,"3"
"U52","s50868",43,"5"
"U52","s5008",20,"2"
"U52","s144143",18,"2"
"U52","s40744",15,"2"
"U52","s9745",26,"3"
"U52","s93413",39,"4"
"U52","s69289",3,"1"
"U52","s123405",24,"3"
"U52","s63077",19,"2"
"U52","s55988",37,"4"
"U52","s149229",47,"5"
"U52","s109610",19,"2"
"U52","s72965",7,"1"
"U53","s12440",21,"2"
"U53","s49268",43,"5"
"U53","s22597",14,"2"
"U53","s34868",3,"1"
"U53","s123755",14,"2"
"U53","s54381",32,"4"
"U53","s167594",49,"5"
"U53","s92864",37,"4"
"U53","s113040",30,"3"
"U53","s77667",35,"4"
"U53","s137455",14,"2"
"U53","s167362",17,"2"
"U53","s10191",11,"2"
"U53","s159593",1,"1"
"U53","s37098",9,"1"
"U53","s138023",27,"3"
"U53","s148562",3,"1"
"U53","s66237",44,"5"
"U53","s123929",22,"3"
"U53","s153578",44,"5"
"U53","s7120",48,"5"
"U53","s24568",41,"5"
"U53","s95971",30,"3"
"U53","s118292",9,"1"
"U53","s78737",15,"2"
"U54","s152968",2,"1"
"U54","s92011",4,"1"
"U54","s20719",12,"2"
"U54","s146717",29,"3"
"U54","s92822",50,"5"
"U54","s45023",11,"2"
"U54","s117912",39,"4"
"U54","s51185",27,"3"
"U54","s70568",30,"3"
"U54","s140948",4,"1"
"U54","s65680",10,"1"
"U54","s151438",23,"3"
"U54","s108369",44,"5"
"U54","s19949",48,"5"
"U54","s38624",2,"1"
"U54","s79913",32,"4"
"U54","s46357",50,"5"
"U54","s156402",44,"5"
"U54","s72797",6,"1"
"U54","s126045",42,"5"
"U54","s118527",17,"2"
"U54","s86148",40,"4"
"U54","s19503",24,"3"
"U55","s72395",32,"4"
"U55","s74712",39,"4"
"U55","s102867",34,"4"
"U55","s106799",13,"2"
"U55","s155598",39,"4"
"U55","s69039",36,"4"
"U55","s82849",35,"4"
"U55","s149919",49,"5"
"U55","s93044",45,"5"
"U55","s81873",24,"3"
"U55","s34761",4,"1"
"U55","s146820",27,"3"
"U55","s138114",16,"2"
"U55","s113876",8,"1"
"U55","s65332",3,"1"
"U55","s166257",17,"2"
"U56","s134558",9,"1"
"U56","s62794",28,"3"
"U56","s19131",1,"1"
"U56","s85706",50,"5"
"U56","s68654",42,"5"
"U56","s125198",17,"2"
"U56","s155270",26,"3"
"U56","s61655",20,"2"
"U56","s92863",50,"5"
"U56","s26351",38,"4"
"U56","s161232",11,"2"
"U56","s164001",11,"2"
"U56","s123603",20,"2"
"U56","s98362",39,"4"
"U56","s143713",14,"2"
"U56","s157759",22,"3"
"U56","s65668",24,"3"
"U56","s75927",22,"3"
"U56","s104234",6,"1"
"U56","s49376",25,"3"
"U56","s8385",24,"3"
"U56","s83671",26,"3"
"U56","s3018",2,"1"
"U56","s167254",20,"2"
"U56","s86457",13,"2"
"U56","s137469",12,"2"
"U56","s87966",47,"5"
"U56","s53092",34,"4"
"U56","s134032",23,"3"
"U56","s97843",22,"3"
"U57","s85839",31,"3"
"U57","s45107",42,"5"
"U57","s85711",48,"5"
"U57","s105736",30,"3"
"U57","s51431",43,"5"
"U57","s115038",22,"3"
"U57","s58528",28,"3"
"U57","s82510",1,"1"
"U57","s5030",44,"5"
"U57","s21212",28,"3"
"U57","s146155",1,"1"
"U57","s41629",37,"4"
"U57","s143127",17,"2"
"U57","s154375",1,"1"
"U57","s162774",19,"2"
"U58","s56992",30,"3"
"U58","s2463",30,"3"
"U58","s23935",23,"3"
"U58","s74297",48,"5"
"U58","s82858",35,"4"
"U58","s59380",46,"5"
"U58","s111642",23,"3"
"U58","s66772",14,"2"
"U58","s37869",46,"5"
"U58","s10828",49,"5"
"U58","s5340",41,"5"
"U59","s18454",17,"2"
"U59","s150421",34,"4"
"U59","s46752",2,"1"
"U59","s15564",38,"4"
"U59","s153614",38,"4"
"U59","s86838",32,"4"
"U59","s4574",14,"2"
"U59","s65810",1,"1"
"U59","s83892",36,"4"
"U59","s94322",20,"2"
"U59","s20816",13,"2"
"U59","s8620",47,"5"
"U59","s99957",43,"5"
"U59","s89240",39,"4"
"U59","s159913",28,"3"
"U59","s109018",22,"3"
"U59","s24458",44,"5"
"U59","s82246",36,"4"
"U59","s15983",35,"4"
"U59","s111634",17,"2"
"U59","s139904",6,"1"
"U59","s115362",34,"4"
"U59","s105334",38,"4"
"U59","s58369",47,"5"
"U59","s86770",14,"2"
"U59","s9821",8,"1"
"U59","s96422",35,"4"
"U59","s122339",40,"4"
"U60","s92314",22,"3"
"U60","s87044",4,"1"
"U60","s152953",32,"4"
"U60","s140410",15,"2"
"U60","s56847",3,"1"
"U60","s106493",47,"5"
"U60","s6817",39,"4"
"U60","s39425",15,"2"
"U60","s144500",25,"3"
"U60","s29015",24,"3"
"U60","s76356",34,"4"
"U60","s99766",43,"5"
"U60","s45139",40,"4"
"U60","s140322",34,"4"
"U60","s126634",50,"5"
"U60","s167941",22,"3"
"U60","s165861",19,"2"
"U61","s123907",3,"1"
"U61","s99878",24,"3"
"U61","s163967",4,"1"
"U61","s76318",33,"4"
"U61","s141069",13,"2"
"U61","s13899",49,"5"
"U61","s13294",48,"5"
"U61","s87184",31,"3"
"U61","s37557",6,"1"
"U61","s53305",7,"1"
"U61","s147619",39,"4"
"U61","s78928",21,"2"
"U61","s85329",25,"3"
"U61","s7908",20,"2"
"U61","s954",46,"5"
"U61","s85122",47,"5"
"U61","s70437",5,"1"
"U61","s1651",31,"3"
"U61","s99054",48,"5"
"U61","s127726",33,"4"
"U61","s49885",10,"1"
"U61","s170251",15,"2"
"U61","s87985",29,"3"
"U62","s43390",6,"1"
"U62","s65028",3,"1"
"U62","s150133",2,"1"
"U62","s155538",8,"1"
"U62","s131681",31,"3"
"U62","s27995",44,"5"
"U62","s59427",25,"3"
"U62","s165814",29,"3"
"U62","s27524",28,"3"
"U62","s59673",50,"5"
"U62","s6384",29,"3"
"U62","s142773",1,"1"
"U62","s38931",31,"3"
"U62","s95410",25,"3"
"U62","s108271",40,"4"
"U62","s43820",6,"1"
"U62","s79084",20,"2"
"U62","s102763",28,"3"
"U62","s169070",50,"5"
"U62","s81298",10,"1"
"U62","s9073",5,"1"
"U62","s29907",13,"2"
"U62","s84561",9,"1"
"U62","s163872",46,"5"
"U62","s40633",29,"3"
"U62","s128754",32,"4"
"U62","s95406",46,"5"
"U62","s109408",34,"4"
"U63","s99658",13,"2"
"U63","s31242",16,"2"
"U63","s100670",45,"5"
"U63","s43262",39,"4"
"U63","s83290",29,"3"
"U63","s147857",1,"1"
"U63","s159037",39,"4"
"U63","s37225",14,"2"
"U63","s155680",33,"4"
"U63","s40919",34,"4"
"U63","s74403",13,"2"
"U63","s22655",48,"5"
"U63","s25543",45,"5"
"U63","s116904",3,"1"
"U63","s158382",27,"3"
"U63","s37761",24,"3"
"U63","s156999",17,"2"
"U63","s20189",19,"2"
"U63","s113147",25,"3"
"U63","s167528",20,"2"
"U63","s74070",35,"4"
"U64","s132740",35,"4"
"U64","s95162",23,"3"
"U64","s101997",36,"4"
"U64","s68644",39,"4"
"U64","s10471",5,"1"
"U64","s104296",17,"2"
"U64","s139618",33,"4"
"U64","s143943",36,"4"
"U64","s56192",17,"2"
"U64","s105141",18,"2"
"U64","s114486",44,"5"
"U64","s2172",20,"2"
"U64","s145072",9,"1"
"U64","s160624",2,"1"
"U64","s36502",44,"5"
"U64","s34367",26,"3"
"U64","s98295",3,"1"
"U64","s164074",5,"1"
"U64","s97881",22,"3"
"U64","s164635",32,"4"
"U64","s122284",26,"3"
"U64","s39002",1,"1"
"U64","s37683",6,"1"
"U65","s94357",50,"5"
"U65","s94065",3,"1"
"U65","s99816",21,"2"
"U65","s127001",4,"1"
"U65","s146388",31,"3"
"U65","s165897",17,"2"
"U65","s71461",16,"2"
"U65","s77236",44,"5"
"U65","s78227",22,"3"
"U65","s134691",31,"3"
"U65","s132765",19,"2"
"U65","s25201",43,"5"
"U65","s127380",49,"5"
"U65","s75875",43,"5"
"U65","s70918",17,"2"
"U65","s46693",31,"3"
"U65","s85504",35,"4"
"U65","s108405",42,"5"
"U66","s48718",13,"2"
"U66","s164210",19,"2"
"U66","s135074",19,"2"
"U66","s130688",28,"3"
"U66","s99768",26,"3"
"U66","s83243",22,"3"
"U66","s58057",34,"4"
"U66","s28035",45,"5"
"U66","s160538",12,"2"
"U66","s101745",45,"5"
"U66","s47756",44,"5"
"U66","s94997",26,"3"
"U66","s81685",40,"4"
"U66","s14936",45,"5"
"U66","s124746",25,"3"
"U66","s103944",29,"3"
"U66","s62277",18,"2"
"U66","s16936",15,"2"
"U66","s97648",3,"1"
"U66","s61234",8,"1"
"U66","s161601",37,"4"
"U67","s34617",36,"4"
"U67","s72455",4,"1"
"U67","s89696",41,"5"
"U67","s159499",50,"5"
"U67","s114121",14,"2"
"U67","s163250",34,"4"
"U67","s3887",47,"5"
"U67","s140337",7,"1"
"U67","s155746",12,"2"
"U67","s118969",3,"1"
"U67","s62790",28,"3"
"U67","s140383",33,"4"
"U67","s108627",27,"3"
"U67","s98632",31,"3"
"U67","s145923",44,"5"
"U67","s149289",41,"5"
"U67","s139917",36,"4"
"U67","s163853",41,"5"
"U67","s124616",1,"1"
"U67","s26044",50,"5"
"U67","s100192",49,"5"
"U68","s157683",18,"2"
"U68","s107277",41,"5"
"U68","s89361",24,"3"
"U68","s50198",16,"2"
"U68","s152243",26,"3"
"U68","s36587",26,"3"
"U68","s3363",20,"2"
"U68","s132035",13,"2"
"U68","s99852",8,"1"
"U68","s71563",9,"1"
"U68","s17930",41,"5"
"U68","s135038",7,"1"
"U68","s115277",34,"4"
"U68","s3626",38,"4"
"U68","s17452",1,"1"
"U68","s55870",44,"5"
"U68","s93931",37,"4"
"U68","s164089",8,"1"
"U69","s4617",23,"3"
"U69","s38370",34,"4"
"U69","s94172",22,"3"
"U69","s129921",24,"3"
"U69","s94688",44,"5"
"U69","s132143",26,"3"
"U69","s163024",19,"2"
"U69","s64705",21,"2"
"U69","s116",25,"3"
"U69","s126593",40,"4"
"U69","s55266",38,"4"
"U69","s36593",23,"3"
"U69","s77849",46,"5"
"U69","s108554",33,"4"
"U69","s121838",17,"2"
"U69","s83928",42,"5"
"U69","s40548",41,"5"
"U69","s125520",8,"1"
"U69","s102078",42,"5"
"U69","s117984",19,"2"
"U69","s84762",2,"1"
"U69","s122081",39,"4"
"U69","s133951",6,"1"
"U69","s104683",34,"4"
"U69","s3831",39,"4"
"U69","s26770",1,"1"
"U69","s2584",28,"3"
"U69","s82655",10,"1"
"U69","s14341",48,"5"
"U70","s40166",7,"1"
"U70","s112896",48,"5"
"U70","s155680",33,"4"
"U70","s146876",49,"5"
"U70","s71154",50,"5"
"U70","s15274",13,"2"
"U70","s160671",18,"2"
"U70","s82749",6,"1"
"U70","s107701",37,"4"
"U70","s3529",21,"2"
"U70","s46268",18,"2"
"U70","s91549",21,"2"
"U70","s97612",8,"1"
"U70","s87346",27,"3"
"U70","s25207",46,"5"
"U70","s43559",37,"4"
"U70","s7231",14,"2"
"U71","s45146",24,"3"
"U71","s33742",44,"5"
"U71","s84710",43,"5"
"U71","s152876",7,"1"
"U71","s89473",2,"1"
"U71","s24551",5,"1"
"U71","s145891",49,"5"
"U71","s56270",49,"5"
"U71","s100754",28,"3"
"U71","s107277",50,"5"
"U71","s108511",19,"2"
"U71","s158676",14,"2"
"U71","s10412",34,"4"
"U71","s138822",42,"5"
"U71","s24260",26,"3"
"U71","s142910",9,"1"
"U71","s2202",30,"3"
"U71","s87002",27,"3"
"U71","s123151",16,"2"
"U71","s73714",1,"1"
"U71","s123981",13,"2"
"U71","s129678",39,"4"
"U71","s90554",1,"1"
"U71","s92768",12,"2"
"U72","s143171",1,"1"
"U72","s65959",25,"3"
"U72","s26694",15,"2"
"U72","s110431",50,"5"
"U72","s42637",16,"2"
"U72","s104714",46,"5"
"U72","s45732",50,"5"
"U72","s64036",17,"2"
"U72","s63131",41,"5"
"U72","s48645",29,"3"
"U72","s58553",15,"2"
"U72","s168034",27,"3"
"U72","s115732",11,"2"
"U72","s25681",23,"3"
"U72","s101560",16,"2"
"U72","s164877",11,"2"
"U72","s17117",13,"2"
"U72","s129700",20,"2"
"U72","s149954",19,"2"
"U72","s89195",27,"3"
"U72","s32229",24,"3"
"U72","s57582",40,"4"
"U72","s32433",14,"2"
"U72","s26276",33,"4"
"U72","s24958",33,"4"
"U72","s52718",41,"5"
"U73","s1674",42,"5"
"U73","s79534",14,"2"
"U73","s44599",1,"1"
"U73","s100944",8,"1"
"U73","s57912",38,"4"
"U73","s135170",41,"5"
"U73","s57500",1,"1"
"U73","s24447",8,"1"
"U73","s162204",19,"2"
"U73","s118473",46,"5"
"U73","s48449",42,"5"
"U73","s123443",12,"2"
"U73","s103168",37,"4"
"U73","s139902",10,"1"
"U73","s12018",14,"2"
"U73","s3523",32,"4"
"U73","s38326",49,"5"
"U73","s111838",12,"2"
"U73","s124467",49,"5"
"U73","s81168",32,"4"
"U73","s111286",37,"4"
"U73","s132524",10,"1"
"U73","s45357",42,"5"
"U73","s22855",9,"1"
"U73","s162352",43,"5"
"U73","s41684",30,"3"
"U74","s163784",17,"2"
"U74","s15159",30,"3"
"U74","s158395",41,"5"
"U74","s165685",41,"5"
"U74","s31636",40,"4"
"U74","s126258",40,"4"
"U74","s116362",48,"5"
"U74","s81246",31,"3"
"U74","s25244",19,"2"
"U74","s64341",44,"5"
"U74","s104744",18,"2"
"U74","s166497",32,"4"
"U74","s134958",50,"5"
"U74","s6063",50,"5"
"U74","s155875",47,"5"
"U74","s48526",12,"2"
"U74","s144531",11,"2"
"U74","s84033",1,"1"
"U74","s167430",40,"4"
"U74","s33560",18,"2"
"U74","s139265",35,"4"
"U74","s112073",17,"2"
"U74","s114511",39,"4"
"U74","s61023",15,"2"
"U75","s120877",21,"2"
"U75","s3303",15,"2"
"U75","s44917",13,"2"
"U75","s127257",29,"3"
"U75","s149968",31,"3"
"U75","s97729",5,"1"
"U75","s117483",15,"2"
"U75","s150046",25,"3"
"U75","s51782",1,"1"
"U75","s22605",29,"3"
"U75","s102346",37,"4"
"U75","s138889",3,"1"
"U75","s22065",13,"2"
"U75","s11016",48,"5"
"U75","s142128",43,"5"
"U75","s23343",49,"5"
"U75","s162314",32,"4"
"U75","s41798",46,"5"
"U75","s146222",24,"3"
"U75","s153343",5,"1"
"U75","s110139",17,"2"
"U75","s170164",23,"3"
"U75","s16875",3,"1"
"U75","s29221",16,"2"
"U75","s35090",32,"4"
"U75","s110371",41,"5"
"U75","s114874",27,"3"
"U75","s59367",31,"3"
"U75","s135688",12,"2"
"U75","s136224",41,"5"
"U76","s59020",39,"4"
"U76","s23605",42,"5"
"U76","s18421",38,"4"
"U76","s121321",45,"5"
"U76","s114817",48,"5"
"U76","s169559",38,"4"
"U76","s61908",41,"5"
"U76","s141302",9,"1"
"U76","s128239",38,"4"
"U76","s34196",7,"1"
"U76","s123449",30,"3"
"U76","s133938",48,"5"
"U77","s133497",15,"2"
"U77","s30018",43,"5"
"U77","s57723",20,"2"
"U77","s129369",32,"4"
"U77","s67563",14,"2"
"U77","s144888",9,"1"
"U77","s48202",36,"4"
"U77","s12663",28,"3"
"U77","s28796",35,"4"
"U77","s118231",33,"4"
"U77","s36339",20,"2"
"U77","s19400",38,"4"
"U77","s49956",25,"3"
"U77","s8682",12,"2"
"U77","s71001",37,"4"
"U77","s63376",17,"2"
"U77","s60971",46,"5"
"U78","s157039",49,"5"
"U78","s34232",17,"2"
"U78","s66205",44,"5"
"U78","s113732",2,"1"
"U78","s153387",7,"1"
"U78","s166433",27,"3"
"U78","s4959",29,"3"
"U78","s124916",15,"2"
"U78","s132366",3,"1"
"U78","s168332",15,"2"
"U78","s3375",13,"2"
"U78","s142656",5,"1"
"U79","s165181",29,"3"
"U79","s113794",9,"1"
"U79","s24758",47,"5"
"U79","s150744",50,"5"
"U79","s30351",46,"5"
"U79","s96911",34,"4"
"U79","s99643",4,"1"
"U79","s11515",32,"4"
"U79","s106435",27,"3"
"U79","s146746",29,"3"
"U79","s102693",8,"1"
"U79","s164758",3,"1"
"U79","s93558",4,"1"
"U79","s90885",17,"2"
"U79","s139832",2,"1"
"U79","s85241",10,"1"
"U79","s13073",18,"2"
"U80","s47965",24,"3"
"U80","s65174",21,"2"
"U80","s62734",24,"3"
"U80","s64021",24,"3"
"U80","s7759",20,"2"
"U80","s14258",40,"4"
"U80","s128904",5,"1"
"U80","s37823",27,"3"
"U80","s134519",25,"3"
"U80","s130048",48,"5"
"U80","s97889",22,"3"
"U80","s40628",13,"2"
"U80","s77437",30,"3"
"U80","s112921",19,"2"
"U81","s131315",17,"2"
"U81","s62201",45,"5"
"U81","s14840",46,"5"
"U81","s89358",9,"1"
"U81","s132963",8,"1"
"U81","s139870",45,"5"
"U81","s137273",43,"5"
"U81","s122228",37,"4"
"U81","s124321",46,"5"
"U81","s110872",4,"1"
"U81","s87175",13,"2"
"U81","s87550",3,"1"
"U81","s84214",46,"5"
"U81","s119171",36,"4"
"U81","s86769",5,"1"
"U81","s559",17,"2"
"U81","s12443",34,"4"
"U81","s123349",17,"2"
"U81","s53859",10,"1"
"U81","s40996",4,"1"
"U81","s69340",46,"5"
"U81","s114127",49,"5"
"U81","s101180",32,"4"
"U81","s156864",5,"1"
"U82","s117210",46,"5"
"U82","s16897",32,"4"
"U82","s114479",24,"3"
"U82","s117066",39,"4"
"U82","s52692",22,"3"
"U82","s99799",38,"4"
"U82","s143216",21,"2"
"U82","s122126",19,"2"
"U82","s54187",23,"3"
"U82","s147873",15,"2"
"U82","s24634",9,"1"
"U82","s161163",31,"3"
"U82","s28251",15,"2"
"U82","s43907",37,"4"
"U82","s71052",6,"1"
"U82","s134008",41,"5"
"U82","s105126",28,"3"
"U82","s34084",15,"2"
"U82","s104072",4,"1"
"U82","s123577",41,"5"
"U82","s103963",40,"4"
"U82","s100862",39,"4"
"U82","s94263",50,"5"
"U83","s71307",19,"2"
"U83","s40732",27,"3"
"U83","s136706",8,"1"
"U83","s99555",12,"2"
"U83","s11823",26,"3"
"U83","s45174",7,"1"
"U83","s135004",29,"3"
"U83","s52849",22,"3"
"U83","s97144",24,"3"
"U83","s161675",7,"1"
"U83","s156975",45,"5"
"U83","s154518",23,"3"
"U83","s135473",41,"5"
"U83","s18298",21,"2"
"U83","s93795",9,"1"
"U83","s40555",16,"2"
"U83","s59975",50,"5"
"U83","s79449",27,"3"
"U83","s82290",12,"2"
"U84","s43805",8,"1"
"U84","s51043",18,"2"
"U84","s154300",15,"2"
"U84","s125692",23,"3"
"U84","s486",15,"2"
"U84","s32624",41,"5"
"U84","s55280",4,"1"
"U84","s111389",32,"4"
"U84","s168058",32,"4"
"U84","s45264",47,"5"
"U84","s67906",24,"3"
"U84","s54648",39,"4"
"U84","s95318",46,"5"
"U84","s67994",40,"4"
"U84","s38828",10,"1"
"U84","s22898",41,"5"
"U84","s42365",7,"1"
"U84","s88436",4,"1"
"U84","s74988",10,"1"
"U84","s16016",33,"4"
"U85","s21760",9,"1"
"U85","s168674",20,"2"
"U85","s169079",34,"4"
"U85","s49719",21,"2"
"U85","s41395",4,"1"
"U85","s29567",5,"1"
"U85","s48939",47,"5"
"U85","s34205",19,"2"
"U85","s169360",14,"2"
"U85","s165170",24,"3"
"U86","s150615",12,"2"
"U86","s102267",11,"2"
"U86","s16711",23,"3"
"U86","s78887",15,"2"
"U86","s123927",31,"3"
"U86","s94369",28,"3"
"U86","s61214",17,"2"
"U86","s78774",30,"3"
"U86","s102961",9,"1"
"U86","s147863",16,"2"
"U86","s35831",27,"3"
"U86","s112057",28,"3"
"U86","s74807",26,"3"
"U86","s107321",33,"4"
"U86","s9749",25,"3"
"U86","s6706",30,"3"
"U86","s92536",10,"1"
"U86","s125821",33,"4"
"U86","s22737",39,"4"
"U87","s124483",44,"5"
"U87","s3628",17,"2"
"U87","s18178",38,"4"
"U87","s88839",15,"2"
"U87","s34280",21,"2"
"U87","s25185",13,"2"
"U87","s45015",27,"3"
"U87","s111930",38,"4"
"U87","s4532",23,"3"
"U87","s164159",10,"1"
"U87","s104004",45,"5"
"U87","s67125",16,"2"
"U87","s164952",35,"4"
"U87","s27039",41,"5"
"U87","s134811",47,"5"
"U87","s150182",38,"4"
"U87","s103903",29,"3"
"U87","s67816",9,"1"
"U87","s93792",48,"5"
"U87","s119925",19,"2"
"U87","s115293",36,"4"
"U88","s127652",21,"2"
"U88","s111813",40,"4"
"U88","s99799",40,"4"
"U88","s137748",3,"1"
"U88","s102304",42,"5"
"U88","s58672",50,"5"
"U88","s67887",50,"5"
"U88","s63372",26,"3"
"U88","s122745",5,"1"
"U88","s127882",24,"3"
"U88","s97204",47,"5"
"U88","s156102",15,"2"
"U88","s62809",15,"2"
"U88","s168260",2,"1"
"U88","s116069",5,"1"
"U88","s45266",17,"2"
"U88","s141636",6,"1"
"U88","s25104",29,"3"
"U88","s51555",30,"3"
"U88","s52598",5,"1"
"U88","s130078",28,"3"
"U88","s84052",4,"1"
"U89","s67791",5,"1"
"U89","s84726",16,"2"
"U89","s97382",14,"2"
"U89","s155056",3,"1"
"U89","s146909",19,"2"
"U89","s129819",50,"5"
"U89","s78329",14,"2"
"U89","s157852",2,"1"
"U89","s93416",41,"5"
"U89","s150443",49,"5"
"U89","s122618",14,"2"
"U89","s125312",30,"3"
"U89","s68159",20,"2"
"U89","s161244",5,"1"
"U89","s162767",3,"1"
"U89","s77974",4,"1"
"U89","s56245",18,"2"
"U89","s90081",6,"1"
"U89","s97573",1,"1"
"U89","s14786",20,"2"
"U89","s39076",50,"5"
"U89","s120939",5,"1"
"U89","s22502",15,"2"
"U90","s56744",20,"2"
"U90","s67068",3,"1"
"U90","s37929",40,"4"
"U90","s4815",50,"5"
"U90","s995",2,"1"
"U90","s135299",36,"4"
"U90","s139866",21,"2"
"U90","s84831",22,"3"
"U90","s47630",44,"5"
"U90","s142559",17,"2"
"U90","s135391",49,"5"
"U90","s89811",24,"3"
"U90","s13052",47,"5"
"U90","s61079",29,"3"
"U90","s102169",19,"2"
"U90","s129232",29,"3"
"U90","s23575",45,"5"
"U90","s94753",25,"3"
"U91","s3845",27,"3"
"U91","s42842",36,"4"
"U91","s94314",3,"1"
"U91","s140975",42,"5"
"U91","s99494",14,"2"
"U91","s73685",50,"5"
"U91","s66631",49,"5"
"U91","s116537",34,"4"
"U91","s121503",13,"2"
"U91","s136811",15,"2"
"U91","s159435",31,"3"
"U92","s68126",10,"1"
"U92","s154027",7,"1"
"U92","s141595",18,"2"
"U92","s130975",14,"2"
"U92","s166680",5,"1"
"U92","s45206",9,"1"
"U92","s117805",25,"3"
"U92","s46675",43,"5"
"U92","s3014",3,"1"
"U92","s85221",28,"3"
"U92","s7933",17,"2"
"U92","s84459",9,"1"
"U93","s1434",37,"4"
"U93","s27728",31,"3"
"U93","s63813",50,"5"
"U93","s11602",12,"2"
"U93","s159700",1,"1"
"U93","s151826",17,"2"
"U93","s126376",15,"2"
"U93","s75677",19,"2"
"U93","s140090",12,"2"
"U93","s126163",3,"1"
"U93","s16691",39,"4"
"U93","s22047",47,"5"
"U93","s159687",47,"5"
"U93","s118378",27,"3"
"U93","s168308",31,"3"
"U93","s86398",40,"4"
"U93","s126642",4,"1"
"U93","s87178",33,"4"
"U93","s117417",17,"2"
"U93","s65192",8,"1"
"U93","s91210",20,"2"
"U93","s133880",31,"3"
"U94","s141354",28,"3"
"U94","s72506",41,"5"
"U94","s47973",33,"4"
"U94","s89611",23,"3"
"U94","s94783",6,"1"
"U94","s153939",6,"1"
"U94","s65326",50,"5"
"U94","s4457",36,"4"
"U94","s153920",37,"4"
"U94","s97297",30,"3"
"U94","s112303",33,"4"
"U94","s9544",22,"3"
"U94","s38426",9,"1"
"U94","s79541",40,"4"
"U94","s134758",2,"1"
"U94","s11982",19,"2"
"U94","s145675",23,"3"
"U94","s12248",39,"4"
"U95","s34712",33,"4"
"U95","s141614",41,"5"
"U95","s114195",14,"2"
"U95","s12148",5,"1"
"U95","s59114",30,"3"
"U95","s66784",41,"5"
"U95","s81380",40,"4"
"U95","s59704",5,"1"
"U95","s162262",30,"3"
"U95","s49830",23,"3"
"U95","s54509",34,"4"
"U95","s109441",30,"3"
"U95","s49643",28,"3"
"U95","s135571",17,"2"
"U95","s74057",44,"5"
"U95","s852",40,"4"
"U96","s57871",25,"3"
"U96","s8885",31,"3"
"U96","s44445",5,"1"
"U96","s6351",4,"1"
"U96","s67443",49,"5"
"U96","s31554",6,"1"
"U96","s162803",39,"4"
"U96","s21393",19,"2"
"U96","s69610",36,"4"
"U96","s51442",49,"5"
"U96","s37123",33,"4"
"U96","s148960",29,"3"
"U96","s153265",17,"2"
"U96","s117093",23,"3"
"U96","s23208",38,"4"
"U96","s129935",2,"1"
"U96","s55439",27,"3"
"U96","s80511",8,"1"
"U96","s74806",1,"1"
"U96","s114087",10,"1"
"U96","s32711",4,"1"
"U96","s141897",30,"3"
"U96","s162156",39,"4"
"U96","s39288",24,"3"
"U96","s155012",33,"4"
"U96","s24789",24,"3"
"U97","s89261",43,"5"
"U97","s7353",24,"3"
"U97","s113468",42,"5"
"U97","s14899",50,"5"
"U97","s32259",5,"1"
"U97","s42655",17,"2"
"U97","s130411",35,"4"
"U97","s47892",24,"3"
"U97","s62805",28,"3"
"U97","s3390",33,"4"
"U97","s136955",12,"2"
"U97","s126098",16,"2"
"U97","s102078",36,"4"
"U97","s128203",34,"4"
"U97","s99330",18,"2"
"U97","s135551",16,"2"
"U97","s160377",12,"2"
"U97","s157622",7,"1"
"U97","s54689",15,"2"
"U97","s17064",49,"5"
"U98","s97355",29,"3"
"U98","s41248",43,"5"
"U98","s55396",15,"2"
"U98","s81622",46,"5"
"U98","s82756",30,"3"
"U98","s45228",1,"1"
"U98","s140050",22,"3"
"U98","s63765",25,"3"
"U98","s38859",2,"1"
"U98","s128391",39,"4"
"U98","s20244",11,"2"
"U98","s27963",33,"4"
"U98","s86935",41,"5"
"U98","s53090",33,"4"
"U98","s28370",1,"1"
"U98","s31422",45,"5"
"U98","s164845",41,"5"
"U98","s110513",40,"4"
"U98","s88654",6,"1"
"U98","s38443",17,"2"
"U99","s42740",29,"3"
"U99","s41983",19,"2"
"U99","s86175",35,"4"
"U99","s146285",42,"5"
"U99","s148435",37,"4"
"U99","s128180",15,"2"
"U99","s96082",9,"1"
"U99","s71969",39,"4"
"U99","s43793",21,"2"
"U99","s66280",29,"3"
"U99","s79200",6,"1"
"U99","s112288",1,"1"
"U99","s144792",46,"5"
"U99","s27263",26,"3"
"U100","s91023",11,"2"
"U100","s138254",47,"5"
"U100","s155486",49,"5"
"U100","s153972",1,"1"
"U100","s142454",12,"2"
"U100","s110116",46,"5"
"U100","s81055",15,"2"
"U100","s88437",17,"2"
"U100","s109996",7,"1"
"U100","s127357",28,"3"
"U100","s48379",25,"3"
"U100","s169745",8,"1"
"U100","s50095",42,"5"
"U100","s165352",11,"2"
"U100","s55317",50,"5"
"U100","s87441",30,"3"
"U100","s168875",4,"1"
"U100","s99153",34,"4"
"U100","s74802",25,"3"
"U100","s123516",8,"1"
"U100","s73567",24,"3"
"U100","s59250",7,"1"
"U100","s9350",33,"4"
"U100","s141757",35,"4"
"U100","s161706",8,"1"
"U100","s133203",3,"1"
"U100","s126723",22,"3"
"U100","s421",31,"3"
"U101","s116967",8,"1"
"U101","s45060",16,"2"
"U101","s39182",19,"2"
"U101","s139101",32,"4"
"U101","s31154",26,"3"
"U101","s17624",28,"3"
"U101","s7944",5,"1"
"U101","s54119",20,"2"
"U101","s137410",18,"2"
"U101","s22478",34,"4"
"U101","s120396",34,"4"
"U101","s48688",24,"3"
"U101","s159962",18,"2"
"U101","s83317",27,"3"
"U101","s5509",47,"5"
"U101","s167443",31,"3"
"U101","s15469",43,"5"
"U101","s96206",37,"4"
"U101","s26868",44,"5"
"U101","s28978",3,"1"
"U101","s161975",29,"3"
"U101","s47987",7,"1"
"U101","s82917",22,"3"
"U102","s117017",44,"5"
"U102","s14097",16,"2"
"U102","s131079",42,"5"
"U102","s93519",18,"2"
"U102","s145838",30,"3"
"U102","s5060",42,"5"
"U102","s84058",22,"3"
"U102","s154305",48,"5"
"U102","s77002",7,"1"
"U102","s56167",20,"2"
"U102","s19610",11,"2"
"U102","s105009",47,"5"
"U102","s43890",32,"4"
"U102","s20414",48,"5"
"U102","s46974",39,"4"
"U102","s36495",29,"3"
"U102","s15743",42,"5"
"U102","s25677",2,"1"
"U102","s40837",29,"3"
"U102","s66042",29,"3"
"U102","s138258",46,"5"
"U102","s141351",33,"4"
"U102","s113793",45,"5"
"U102","s70870",3,"1"
"U102","s143130",16,"2"
"U102","s73108",9,"1"
"U102","s160819",29,"3"
"U102","s14641",19,"2"
"U103","s30458",3,"1"
"U103","s148039",17,"2"
"U103","s14332",32,"4"
"U103","s93122",30,"3"
"U103","s151817",14,"2"
"U103","s15679",19,"2"
"U103","s58490",48,"5"
"U103","s7151",45,"5"
"U103","s111413",10,"1"
"U103","s95135",9,"1"
"U103","s72986",23,"3"
"U103","s78284",17,"2"
"U103","s76964",33,"4"
"U103","s44184",17,"2"
"U103","s156718",23,"3"
"U103","s32343",4,"1"
"U103","s20053",25,"3"
"U103","s84859",23,"3"
"U103","s143499",2,"1"
"U103","s78671",33,"4"
"U103","s43184",16,"2"
"U103","s87165",33,"4"
"U103","s163079",21,"2"
"U103","s162983",24,"3"
"U103","s121847",39,"4"
"U103","s107993",42,"5"
"U103","s78186",30,"3"
"U103","s115039",21,"2"
"U104","s83861",38,"4"
"U104","s12305",31,"3"
"U104","s68032",29,"3"
"U104","s35365",41,"5"
"U104","s12631",16,"2"
"U104","s158507",39,"4"
"U104","s64771",14,"2"
"U104","s33365",23,"3"
"U104","s141168",20,"2"
"U104","s27036",20,"2"
"U104","s17629",39,"4"
"U104","s150286",3,"1"
"U104","s138597",2,"1"
"U104","s126584",25,"3"
"U104","s121988",42,"5"
"U104","s43610",24,"3"
"U104","s29918",24,"3"
"U104","s81601",46,"5"
"U104","s72558",23,"3"
"U104","s40586",8,"1"
"U104","s77490",34,"4"
"U104","s117911",1,"1"
"U104","s27574",36,"4"
"U104","s133682",23,"3"
"U104","s112590",36,"4"
"U105","s82508",31,"3"
"U105","s97893",36,"4"
"U105","s29300",23,"3"
"U105","s36099",1,"1"
"U105","s91541",26,"3"
"U105","s41365",37,"4"
"U105","s56231",45,"5"
"U105","s64207",1,"1"
"U105","s34376",13,"2"
"U105","s165402",17,"2"
"U105","s120436",3,"1"
"U105","s110095",16,"2"
"U105","s59308",24,"3"
"U105","s38562",18,"2"
"U105","s62867",17,"2"
"U105","s169878",33,"4"
"U105","s16347",23,"3"
"U105","s87836",4,"1"
"U105","s96926",10,"1"
"U105","s141272",36,"4"
"U105","s32123",16,"2"
"U105","s161705",7,"1"
"U105","s27098",6,"1"
"U105","s96465",4,"1"
"U105","s151850",23,"3"
"U105","s84493",15,"2"
"U105","s84436",35,"4"
"U105","s85337",45,"5"
"U105","s147288",16,"2"
"U106","s83775",50,"5"
"U106","s83560",32,"4"
"U106","s148392",33,"4"
"U106","s169031",43,"5"
"U106","s22460",38,"4"
"U106","s44748",22,"3"
"U106","s72788",45,"5"
"U106","s101153",27,"3"
"U106","s3872",39,"4"
"U106","s31717",35,"4"
"U106","s162891",29,"3"
"U106","s25569",21,"2"
"U106","s6422",37,"4"
"U106","s123100",29,"3"
"U106","s70112",11,"2"
"U106","s149427",37,"4"
"U106","s39479",2,"1"
"U106","s92701",13,"2"
"U106","s113817",18,"2"
"U106","s108816",31,"3"
"U106","s89756",22,"3"
"U106","s114191",23,"3"
"U106","s19117",27,"3"
"U106","s24011",41,"5"
"U106","s67494",41,"5"
"U107","s158916",48,"5"
"U107","s97195",19,"2"
"U107","s36802",20,"2"
"U107","s12233",20,"2"
"U107","s154084",41,"5"
"U107","s110255",14,"2"
"U107","s122896",50,"5"
"U107","s21138",4,"1"
"U107","s66413",32,"4"
"U107","s13036",17,"2"
"U108","s45199",49,"5"
"U108","s32784",21,"2"
"U108","s95651",8,"1"
"U108","s29015",11,"2"
"U108","s24261",44,"5"
"U108","s125876",17,"2"
"U108","s102696",2,"1"
"U108","s1798",25,"3"
"U108","s1615",32,"4"
"U108","s106543",9,"1"
"U108","s41520",41,"5"
"U108","s16400",45,"5"
"U108","s144943",33,"4"
"U108","s51739",10,"1"
"U108","s117165",2,"1"
"U108","s30966",24,"3"
"U108","s417",3,"1"
"U108","s93941",29,"3"
"U108","s74046",21,"2"
"U108","s117874",31,"3"
"U108","s10714",15,"2"
"U108","s107124",49,"5"
"U108","s168664",6,"1"
"U108","s167520",49,"5"
"U108","s2098",35,"4"
"U108","s36996",46,"5"
"U108","s15780",22,"3"
"U108","s73288",16,"2"
"U108","s58577",36,"4"
"U108","s62032",23,"3"
"U109","s53496",26,"3"
"U109","s53130",19,"2"
"U109","s82651",24,"3"
"U109","s10717",41,"5"
"U109","s106682",13,"2"
"U109","s3013",38,"4"
"U109","s123666",8,"1"
"U109","s140741",4,"1"
"U109","s569",19,"2"
"U109","s170546",5,"1"
"U109","s74385",30,"3"
"U109","s119395",15,"2"
"U110","s114294",46,"5"
"U110","s28680",16,"2"
"U110","s49121",46,"5"
"U110","s124069",4,"1"
"U110","s121667",24,"3"
"U110","s54559",22,"3"
"U110","s140352",42,"5"
"U110","s3734",11,"2"
"U110","s6683",2,"1"
"U110","s25640",44,"5"
"U111","s107800",13,"2"
"U111","s39041",3,"1"
"U111","s83049",20,"2"
"U111","s21338",9,"1"
"U111","s21404",36,"4"
"U111","s56",46,"5"
"U111","s110851",50,"5"
"U111","s6839",3,"1"
"U111","s135073",12,"2"
"U111","s157149",19,"2"
"U111","s108258",25,"3"
"U111","s93180",43,"5"
"U111","s132761",30,"3"
"U111","s70563",16,"2"
"U111","s144019",40,"4"
"U111","s127656",47,"5"
"U111","s95002",18,"2"
"U111","s37436",25,"3"
"U112","s91313",33,"4"
"U112","s162558",30,"3"
"U112","s18749",47,"5"
"U112","s35344",47,"5"
"U112","s92867",30,"3"
"U112","s11130",3,"1"
"U112","s67437",22,"3"
"U112","s138894",13,"2"
"U112","s6570",33,"4"
"U112","s123916",45,"5"
"U112","s82895",46,"5"
"U112","s69890",48,"5"
"U112","s74925",24,"3"
"U112","s7376",30,"3"
"U112","s41659",45,"5"
"U112","s30546",11,"2"
"U113","s42968",29,"3"
"U113","s39051",44,"5"
"U113","s107632",12,"2"
"U113","s164726",34,"4"
"U113","s77228",34,"4"
"U113","s153109",48,"5"
"U113","s129722",33,"4"
"U113","s105914",42,"5"
"U113","s7002",28,"3"
"U113","s65605",49,"5"
"U113","s100890",10,"1"
"U113","s78967",27,"3"
"U113","s68511",41,"5"
"U113","s150047",19,"2"
"U113","s11574",45,"5"
"U113","s50439",40,"4"
"U113","s107091",44,"5"
"U113","s157247",28,"3"
"U113","s22217",21,"2"
"U113","s9378",25,"3"
"U113","s75897",14,"2"
"U113","s75258",9,"1"
"U113","s16361",21,"2"
"U113","s89606",11,"2"
"U113","s122333",32,"4"
"U113","s85555",28,"3"
"U113","s155699",39,"4"
"U113","s41153",34,"4"
"U114","s107976",50,"5"
"U114","s145564",10,"1"
"U114","s169725",14,"2"
"U114","s78790",4,"1"
"U114","s143681",21,"2"
"U114","s69498",33,"4"
"U114","s47229",10,"1"
"U114","s151931",13,"2"
"U114","s161009",16,"2"
"U114","s38922",28,"3"
"U114","s119515",9,"1"
"U114","s154147",30,"3"
"U114","s134456",50,"5"
"U114","s159617",7,"1"
"U114","s41632",50,"5"
"U114","s151473",29,"3"
"U114","s35468",43,"5"
"U114","s58759",46,"5"
"U114","s141089",30,"3"
"U114","s95720",42,"5"
"U114","s165573",4,"1"
"U114","s21115",5,"1"
"U114","s162356",39,"4"
"U114","s101063",19,"2"
"U114","s151864",21,"2"
"U115","s40824",33,"4"
"U115","s137240",26,"3"
"U115","s97763",11,"2"
"U115","s155202",1,"1"
"U115","s56878",8,"1"
"U115","s73711",18,"2"
"U115","s132411",14,"2"
"U115","s119728",35,"4"
"U115","s83756",40,"4"
"U115","s122254",22,"3"
"U115","s120562",23,"3"
"U115","s97003",40,"4"
"U115","s91383",23,"3"
"U115","s55312",13,"2"
"U115","s691",22,"3"
"U115","s140676",39,"4"
"U115","s19976",32,"4"
"U115","s251",2,"1"
"U115","s144297",47,"5"
"U115","s127582",4,"1"
"U115","s72967",30,"3"
"U115","s168185",49,"5"
"U115","s98783",30,"3"
"U115","s28155",18,"2"
"U115","s29226",15,"2"
"U115","s95110",32,"4"
"U115","s132039",27,"3"
"U115","s163855",23,"3"
"U115","s36115",30,"3"
"U116","s120020",18,"2"
"U116","s148352",24,"3"
"U116","s29559",10,"1"
"U116","s64778",27,"3"
"U116","s72063",20,"2"
"U116","s40926",39,"4"
"U116","s152487",25,"3"
"U116","s4754",20,"2"
"U116","s91481",39,"4"
"U116","s58646",45,"5"
"U116","s127069",15,"2"
"U116","s17925",22,"3"
"U116","s103637",9,"1"
"U116","s51226",20,"2"
"U116","s163638",10,"1"
"U116","s120168",48,"5"
"U116","s45089",33,"4"
"U116","s29825",11,"2"
"U116","s6610",7,"1"
"U116","s82464",38,"4"
"U116","s54085",9,"1"
"U116","s144838",11,"2"
"U116","s151842",1,"1"
"U116","s37433",37,"4"
"U116","s105472",33,"4"
"U116","s5568",50,"5"
"U116","s22739",26,"3"
"U116","s160976",20,"2"
"U116","s26983",24,"3"
"U117","s125350",40,"4"
"U117","s102176",42,"5"
"U117","s83067",29,"3"
"U117","s47285",5,"1"
"U117","s3944",26,"3"
"U117","s100147",20,"2"
"U117","s19162",6,"1"
"U117","s20665",31,"3"
"U117","s115400",12,"2"
"U117","s130344",37,"4"
"U117","s71368",2,"1"
"U117","s89627",27,"3"
"U118","s169934",6,"1"
"U118","s168079",40,"4"
"U118","s67239",24,"3"
"U118","s22179",33,"4"
"U118","s139831",47,"5"
"U118","s167911",46,"5"
"U118","s42402",4,"1"
"U118","s30621",46,"5"
"U118","s89081",15,"2"
"U118","s99530",30,"3"
"U118","s42808",37,"4"
"U118","s99626",50,"5"
"U118","s126420",3,"1"
"U118","s10369",16,"2"
"U118","s39833",30,"3"
"U118","s133356",40,"4"
"U118","s110106",47,"5"
"U118","s66112",11,"2"
"U118","s156485",19,"2"
"U118","s165895",49,"5"
"U118","s110972",45,"5"
"U118","s149156",50,"5"
"U118","s149855",40,"4"
"U118","s34029",13,"2"
"U119","s137028",45,"5"
"U119","s121441",15,"2"
"U119","s27903",34,"4"
"U119","s100373",40,"4"
"U119","s69001",33,"4"
"U119","s92091",26,"3"
"U119","s5263",5,"1"
"U119","s77375",10,"1"
"U119","s12536",42,"5"
"U119","s117699",8,"1"
"U119","s46635",13,"2"
"U119","s49565",8,"1"
"U119","s91438",35,"4"
"U120","s48128",13,"2"
"U120","s95158",42,"5"
"U120","s98661",25,"3"
"U120","s122031",43,"5"
"U120","s9392",46,"5"
"U120","s87132",21,"2"
"U120","s132123",42,"5"
"U120","s102665",45,"5"
"U120","s81967",16,"2"
"U120","s69961",18,"2"
"U120","s94833",3,"1"
"U120","s57610",30,"3"
"U120","s91151",35,"4"
"U120","s47557",42,"5"
"U120","s57429",10,"1"
"U120","s133909",7,"1"
"U121","s135414",3,"1"
"U121","s125686",12,"2"
"U121","s130337",16,"2"
"U121","s152669",3,"1"
"U121","s12378",49,"5"
"U121","s34000",43,"5"
"U121","s64850",45,"5"
"U121","s11628",20,"2"
"U121","s119953",5,"1"
"U121","s107563",15,"2"
"U121","s151073",2,"1"
"U121","s133658",41,"5"
"U121","s122635",33,"4"
"U121","s166751",38,"4"
"U121","s78856",40,"4"
"U121","s20624",2,"1"
"U121","s6154",41,"5"
"U121","s136490",36,"4"
"U122","s119505",20,"2"
"U122","s86818",13,"2"
"U122","s102758",18,"2"
"U122","s4125",43,"5"
"U122","s145381",41,"5"
"U122","s12539",33,"4"
"U122","s9033",18,"2"
"U122","s32472",41,"5"
"U122","s143050",17,"2"
"U122","s1478",28,"3"
"U122","s138891",24,"3"
"U122","s98220",5,"1"
"U122","s61187",1,"1"
"U122","s49380",40,"4"
"U122","s51850",48,"5"
"U122","s74803",37,"4"
"U122","s12106",5,"1"
"U122","s71261",23,"3"
"U122","s6427",43,"5"
"U122","s69771",14,"2"
"U123","s122691",35,"4"
"U123","s157440",34,"4"
"U123","s28767",20,"2"
"U123","s165791",1,"1"
"U123","s139818",41,"5"
"U123","s138543",45,"5"
"U123","s25275",27,"3"
"U123","s5277",12,"2"
"U123","s35266",31,"3"
"U123","s143444",48,"5"
"U123","s99663",28,"3"
"U123","s23625",34,"4"
"U123","s99397",50,"5"
"U123","s41363",19,"2"
"U123","s27839",22,"3"
"U123","s111538",25,"3"
"U123","s18958",6,"1"
"U123","s49725",23,"3"
"U123","s154714",50,"5"
"U123","s96992",26,"3"
"U123","s53102",6,"1"
"U123","s56993",18,"2"
"U123","s105979",29,"3"
"U123","s13754",39,"4"
"U123","s167745",48,"5"
"U123","s69117",28,"3"
"U123","s136842",47,"5"
"U124","s58695",14,"2"
"U124","s152760",50,"5"
"U124","s44310",33,"4"
"U124","s106626",41,"5"
"U124","s40855",20,"2"
"U124","s123737",42,"5"
"U124","s11034",10,"1"
"U124","s130175",28,"3"
"U124","s51962",11,"2"
"U124","s92887",41,"5"
"U124","s120812",12,"2"
"U124","s3879",28,"3"
"U124","s8292",20,"2"
"U124","s45908",3,"1"
"U124","s28669",31,"3"
"U124","s70348",35,"4"
"U124","s57613",30,"3"
"U124","s158782",35,"4"
"U124","s61091",23,"3"
"U124","s78222",10,"1"
"U124","s135069",35,"4"
"U124","s148626",2,"1"
"U124","s147913",44,"5"
"U124","s24648",21,"2"
"U124","s27985",17,"2"
"U124","s136942",23,"3"
"U125","s106860",1,"1"
"U125","s48693",3,"1"
"U125","s126477",36,"4"
"U125","s34389",15,"2"
"U125","s123794",29,"3"
"U125","s131692",30,"3"
"U125","s168544",8,"1"
"U125","s101619",30,"3"
"U125","s148546",42,"5"
"U125","s56583",27,"3"
"U125","s93453",8,"1"
"U125","s22899",49,"5"
"U125","s141258",49,"5"
"U125","s60686",11,"2"
"U125","s161270",38,"4"
"U125","s123749",29,"3"
"U125","s90186",29,"3"
"U126","s110405",21,"2"
"U126","s4450",26,"3"
"U126","s36957",46,"5"
"U126","s71142",4,"1"
"U126","s125927",25,"3"
"U126","s56396",44,"5"
"U126","s43933",10,"1"
"U126","s77668",10,"1"
"U126","s15086",33,"4"
"U126","s127318",35,"4"
"U127","s146199",21,"2"
"U127","s24650",10,"1"
"U127","s90692",22,"3"
"U127","s43390",48,"5"
"U127","s149405",16,"2"
"U127","s46304",1,"1"
"U127","s75949",33,"4"
"U127","s146842",36,"4"
"U127","s125612",36,"4"
"U127","s102478",32,"4"
"U127","s138899",46,"5"
"U127","s115567",30,"3"
"U127","s166370",38,"4"
"U127","s123405",25,"3"
"U127","s158147",41,"5"
"U127","s121161",44,"5"
"U127","s73786",50,"5"
"U128","s60699",9,"1"
"U128","s89331",20,"2"
"U128","s123016",35,"4"
"U128","s136872",10,"1"
"U128","s129773",3,"1"
"U128","s40270",20,"2"
"U128","s74736",43,"5"
"U128","s69635",31,"3"
"U128","s40318",18,"2"
"U128","s13839",33,"4"
"U128","s138335",15,"2"
"U128","s54180",21,"2"
"U128","s28625",22,"3"
"U128","s33169",48,"5"
"U128","s54772",6,"1"
"U128","s47689",46,"5"
"U128","s160363",37,"4"
"U128","s67006",31,"3"
"U128","s67533",50,"5"
"U128","s2829",15,"2"
"U129","s141774",13,"2"
"U129","s6608",19,"2"
"U129","s19737",46,"5"
"U129","s88611",27,"3"
"U129","s35136",39,"4"
"U129","s102973",29,"3"
"U129","s152484",27,"3"
"U129","s96946",22,"3"
"U129","s159489",13,"2"
"U129","s67107",30,"3"
"U129","s36285",1,"1"
"U129","s113519",46,"5"
"U129","s165585",9,"1"
"U129","s57083",26,"3"
"U129","s88412",24,"3"
"U129","s128039",28,"3"
"U129","s123286",3,"1"
"U130","s80185",1,"1"
"U130","s21450",13,"2"
"U130","s52795",11,"2"
"U130","s158086",35,"4"
"U130","s138261",31,"3"
"U130","s10436",38,"4"
"U130","s154557",19,"2"
"U130","s162786",8,"1"
"U130","s30777",13,"2"
"U130","s123936",12,"2"
"U130","s72582",9,"1"
"U130","s53762",45,"5"
"U130","s160476",24,"3"
"U130","s70735",33,"4"
"U130","s135092",32,"4"
"U131","s82709",5,"1"
"U131","s131006",9,"1"
"U131","s54117",12,"2"
"U131","s60151",48,"5"
"U131","s79546",24,"3"
"U131","s155923",14,"2"
"U131","s107577",6,"1"
"U131","s162527",34,"4"
"U131","s130391",40,"4"
"U131","s155660",23,"3"
"U131","s164120",13,"2"
"U131","s142430",9,"1"
"U131","s104274",9,"1"
"U131","s12006",31,"3"
"U131","s12728",5,"1"
"U131","s45541",31,"3"
"U131","s56486",27,"3"
"U131","s98169",37,"4"
"U132","s18577",23,"3"
"U132","s148365",48,"5"
"U132","s125595",37,"4"
"U132","s47216",47,"5"
"U132","s907",39,"4"
"U132","s63801",34,"4"
"U132","s37268",10,"1"
"U132","s57633",1,"1"
"U132","s109370",24,"3"
"U132","s18715",47,"5"
"U132","s25265",16,"2"
"U132","s70790",44,"5"
"U132","s92430",41,"5"
"U132","s143136",33,"4"
"U132","s170401",30,"3"
"U132","s108570",15,"2"
"U132","s68274",37,"4"
"U132","s129845",25,"3"
"U132","s87519",40,"4"
"U132","s123237",39,"4"
"U132","s127586",22,"3"
"U132","s147361",16,"2"
"U132","s87823",48,"5"
"U132","s85320",17,"2"
"U132","s141338",7,"1"
"U133","s86234",1,"1"
"U133","s91901",9,"1"
"U133","s163453",25,"3"
"U133","s148247",5,"1"
"U133","s31557",41,"5"
"U133","s32109",27,"3"
"U133","s117601",24,"3"
"U133","s167756",29,"3"
"U133","s109467",46,"5"
"U133","s5192",9,"1"
"U133","s96465",9,"1"
"U133","s90041",14,"2"
"U134","s59614",43,"5"
"U134","s127798",40,"4"
"U134","s148557",2,"1"
"U134","s2942",3,"1"
"U134","s62165",2,"1"
"U134","s41562",26,"3"
"U134","s53439",1,"1"
"U134","s99135",25,"3"
"U134","s122642",17,"2"
"U134","s582",18,"2"
"U134","s103270",7,"1"
"U134","s51995",5,"1"
"U134","s146946",21,"2"
"U134","s16007",41,"5"
"U134","s83335",26,"3"
"U134","s34985",13,"2"
"U134","s152139",25,"3"
"U134","s73619",35,"4"
"U134","s50160",15,"2"
"U134","s79716",50,"5"
"U135","s146829",4,"1"
"U135","s42331",38,"4"
"U135","s28006",7,"1"
"U135","s159892",44,"5"
"U135","s160844",10,"1"
"U135","s61545",21,"2"
"U135","s156672",1,"1"
"U135","s82553",35,"4"
"U135","s88918",35,"4"
"U135","s156717",27,"3"
"U135","s159397",5,"1"
"U135","s16822",21,"2"
"U135","s81232",40,"4"
"U135","s30270",35,"4"
"U135","s103629",27,"3"
"U135","s54952",24,"3"
"U135","s72696",10,"1"
"U135","s141789",4,"1"
"U135","s121510",12,"2"
"U135","s83010",35,"4"
"U136","s40651",9,"1"
"U136","s123902",5,"1"
"U136","s1257",39,"4"
"U136","s26188",20,"2"
"U136","s44768",27,"3"
"U136","s18623",38,"4"
"U136","s36101",18,"2"
"U136","s103473",27,"3"
"U136","s129085",27,"3"
"U136","s873",11,"2"
"U136","s66112",37,"4"
"U136","s88606",25,"3"
"U136","s24270",38,"4"
"U136","s41872",45,"5"
"U137","s114522",30,"3"
"U137","s94162",29,"3"
"U137","s17680",48,"5"
"U137","s105874",13,"2"
"U137","s101522",36,"4"
"U137","s144251",18,"2"
"U137","s69901",2,"1"
"U137","s136128",30,"3"
"U137","s30890",25,"3"
"U137","s135521",40,"4"
"U137","s38894",32,"4"
"U137","s155184",10,"1"
"U137","s72380",33,"4"
"U137","s137912",13,"2"
"U137","s148296",11,"2"
"U137","s169000",35,"4"
"U138","s130029",50,"5"
"U138","s53464",31,"3"
"U138","s21825",6,"1"
"U138","s116199",20,"2"
"U138","s126855",45,"5"
"U138","s35344",9,"1"
"U138","s136195",38,"4"
"U138","s157817",8,"1"
"U138","s100745",45,"5"
"U138","s13066",32,"4"
"U139","s146326",22,"3"
"U139","s95267",28,"3"
"U139","s15331",3,"1"
"U139","s155590",17,"2"
"U139","s101368",13,"2"
"U139","s62276",22,"3"
"U139","s59312",28,"3"
"U139","s53509",14,"2"
"U139","s88814",1,"1"
"U139","s105022",10,"1"
"U139","s125594",15,"2"
"U139","s169876",17,"2"
"U139","s152005",37,"4"
"U139","s61961",28,"3"
"U139","s120837",16,"2"
"U140","s74882",39,"4"
"U140","s154199",10,"1"
"U140","s60272",3,"1"
"U140","s84811",12,"2"
"U140","s133843",17,"2"
"U140","s148890",42,"5"
"U140","s93982",49,"5"
"U140","s137713",40,"4"
"U140","s24890",15,"2"
"U140","s104883",33,"4"
"U140","s111238",41,"5"
"U140","s28440",43,"5"
"U140","s14045",30,"3"
"U140","s165139",19,"2"
"U140","s45404",36,"4"
"U140","s75204",39,"4"
"U140","s143675",15,"2"
"U140","s139844",1,"1"
"U140","s31711",34,"4"
"U141","s108923",8,"1"
"U141","s64426",46,"5"
"U141","s104670",39,"4"
"U141","s37418",48,"5"
"U141","s59489",25,"3"
"U141","s72178",7,"1"
"U141","s45849",11,"2"
"U141","s2567",45,"5"
"U141","s8125",43,"5"
"U141","s129474",14,"2"
"U141","s163539",10,"1"
"U141","s3146",12,"2"
"U141","s24237",46,"5"
"U141","s98957",1,"1"
"U142","s49231",11,"2"
"U142","s70012",1,"1"
"U142","s3997",29,"3"
"U142","s119969",49,"5"
"U142","s52073",25,"3"
"U142","s7724",48,"5"
"U142","s43316",44,"5"
"U142","s74267",27,"3"
"U142","s12026",26,"3"
"U142","s52040",50,"5"
"U142","s131200",11,"2"
"U142","s156796",50,"5"
"U142","s50615",1,"1"
"U142","s5756",13,"2"
"U142","s126547",36,"4"
"U142","s60605",24,"3"
"U142","s76370",43,"5"
"U142","s72949",3,"1"
"U142","s37662",19,"2"
"U142","s71145",9,"1"
"U142","s106404",18,"2"
"U142","s145834",23,"3"
"U142","s51521",41,"5"
"U142","s56175",34,"4"
"U142","s71801",1,"1"
"U142","s1525",37,"4"
"U142","s26282",16,"2"
"U142","s130528",36,"4"
"U142","s32049",38,"4"
"U142","s2736",46,"5"
"U143","s155429",46,"5"
"U143","s136191",5,"1"
"U143","s420",4,"1"
"U143","s82502",34,"4"
"U143","s30523",25,"3"
"U143","s39261",9,"1"
"U143","s39415",9,"1"
"U143","s101294",28,"3"
"U143","s62705",9,"1"
"U143","s137290",23,"3"
"U143","s137893",2,"1"
"U143","s87675",35,"4"
"U143","s40629",23,"3"
"U143","s103167",37,"4"
"U143","s26777",42,"5"
"U144","s101259",32,"4"
"U144","s33468",15,"2"
"U144","s165368",25,"3"
"U144","s35449",2,"1"
"U144","s143829",25,"3"
"U144","s36368",10,"1"
"U144","s7235",37,"4"
"U144","s3234",27,"3"
"U144","s162170",19,"2"
"U144","s83658",22,"3"
"U144","s169689",22,"3"
"U144","s15940",48,"5"
"U144","s30617",32,"4"
"U144","s105678",5,"1"
"U145","s128554",3,"1"
"U145","s50557",25,"3"
"U145","s54122",49,"5"
"U145","s101676",13,"2"
"U145","s127798",46,"5"
"U145","s50626",32,"4"
"U145","s31288",23,"3"
"U145","s103173",50,"5"
"U145","s26679",41,"5"
"U145","s55291",13,"2"
"U145","s17669",41,"5"
"U145","s87445",24,"3"
"U145","s24846",32,"4"
"U146","s145509",45,"5"
"U146","s164181",25,"3"
"U146","s151769",26,"3"
"U146","s56792",25,"3"
"U146","s137830",49,"5"
"U146","s52865",35,"4"
"U146","s161023",36,"4"
"U146","s39130",50,"5"
"U146","s62940",4,"1"
"U146","s45948",40,"4"
"U146","s58167",41,"5"
"U146","s169430",50,"5"
"U146","s102665",14,"2"
"U146","s121943",4,"1"
"U146","s168197",22,"3"
"U146","s22848",13,"2"
"U146","s98661",43,"5"
"U146","s163441",30,"3"
"U146","s98315",23,"3"
"U146","s88260",34,"4"
"U146","s149243",29,"3"
"U146","s119458",11,"2"
"U146","s29030",23,"3"
"U146","s14211",7,"1"
"U147","s125815",12,"2"
"U147","s141981",17,"2"
"U147","s61318",5,"1"
"U147","s50976",49,"5"
"U147","s100226",38,"4"
"U147","s142200",44,"5"
"U147","s6923",26,"3"
"U147","s106099",41,"5"
"U147","s29008",48,"5"
"U147","s121673",47,"5"
"U147","s163414",38,"4"
"U147","s154357",26,"3"
"U147","s91448",6,"1"
"U147","s16385",20,"2"
"U147","s126721",46,"5"
"U148","s157024",42,"5"
"U148","s130649",20,"2"
"U148","s104526",17,"2"
"U148","s90797",50,"5"
"U148","s73984",2,"1"
"U148","s146286",26,"3"
"U148","s93527",24,"3"
"U148","s76207",40,"4"
"U148","s77609",23,"3"
"U148","s107486",7,"1"
"U148","s37519",34,"4"
"U148","s136921",1,"1"
"U148","s12768",14,"2"
"U149","s128046",4,"1"
"U149","s15153",44,"5"
"U149","s65425",6,"1"
"U149","s71880",43,"5"
"U149","s56882",35,"4"
"U149","s137771",13,"2"
"U149","s107613",17,"2"
"U149","s68144",50,"5"
"U149","s143096",46,"5"
"U149","s140788",8,"1"
"U149","s118975",29,"3"
"U149","s47692",33,"4"
"U149","s79521",3,"1"
"U150","s74646",41,"5"
"U150","s32141",23,"3"
"U150","s160380",31,"3"
"U150","s56840",48,"5"
"U150","s83095",27,"3"
"U150","s29319",42,"5"
"U150","s52833",11,"2"
"U150","s124961",26,"3"
"U150","s34473",49,"5"
"U150","s56633",3,"1"
"U150","s40990",48,"5"
"U150","s106824",32,"4"
"U150","s91582",13,"2"
"U150","s166446",41,"5"
"U150","s164030",3,"1"
"U150","s160054",36,"4"
"U150","s127088",28,"3"
"U150","s9478",41,"5"
"U150","s58154",4,"1"
"U150","s163567",33,"4"
"U150","s19197",14,"2"
"U150","s57420",42,"5"
"U150","s137496",23,"3"
"U150","s101759",31,"3"
"U150","s72728",1,"1"
"U150","s34885",42,"5"
"U151","s156576",40,"4"
"U151","s162390",14,"2"
"U151","s13984",34,"4"
"U151","s64106",17,"2"
"U151","s79110",39,"4"
"U151","s160274",22,"3"
"U151","s113129",27,"3"
"U151","s67649",44,"5"
"U151","s104461",49,"5"
"U151","s28879",34,"4"
"U151","s24262",13,"2"
"U151","s22872",12,"2"
"U151","s67697",5,"1"
"U151","s47974",29,"3"
"U151","s73124",14,"2"
"U151","s106399",25,"3"
"U151","s55334",17,"2"
"U151","s94025",33,"4"
"U151","s88402",24,"3"
"U151","s110526",22,"3"
"U151","s6654",41,"5"
"U151","s144166",40,"4"
"U151","s135509",17,"2"
"U151","s97316",35,"4"
"U151","s166089",34,"4"
"U151","s159471",8,"1"
"U151","s2208",40,"4"
"U152","s91689",50,"5"
"U152","s59579",4,"1"
"U152","s76188",43,"5"
"U152","s50549",45,"5"
"U152","s60448",45,"5"
"U152","s120038",48,"5"
"U152","s97092",27,"3"
"U152","s87108",31,"3"
"U152","s45507",19,"2"
"U152","s91112",39,"4"
"U152","s31805",38,"4"
"U152","s67292",23,"3"
"U152","s122104",24,"3"
"U152","s96873",36,"4"
"U152","s75690",29,"3"
"U152","s32566",33,"4"
"U152","s56317",12,"2"
"U152","s100437",10,"1"
"U152","s77306",45,"5"
"U152","s26318",26,"3"
"U152","s5341",43,"5"
"U152","s9211",40,"4"
"U152","s105247",38,"4"
"U153","s162557",12,"2"
"U153","s56095",27,"3"
"U153","s130549",30,"3"
"U153","s85970",18,"2"
"U153","s96069",25,"3"
"U153","s86418",18,"2"
"U153","s19010",12,"2"
"U153","s12290",5,"1"
"U153","s32677",14,"2"
"U153","s72928",27,"3"
"U153","s2463",37,"4"
"U153","s163293",2,"1"
"U153","s143334",29,"3"
"U154","s33210",13,"2"
"U154","s163646",28,"3"
"U154","s140358",19,"2"
"U154","s42460",39,"4"
"U154","s131038",35,"4"
"U154","s150944",10,"1"
"U154","s154615",23,"3"
"U154","s102697",10,"1"
"U154","s126875",44,"5"
"U154","s47615",9,"1"
"U154","s119414",32,"4"
"U154","s60082",4,"1"
"U154","s74581",34,"4"
"U154","s76966",50,"5"
"U154","s106742",22,"3"
"U154","s20687",16,"2"
"U154","s111109",14,"2"
"U154","s30946",1,"1"
"U154","s49800",7,"1"
"U154","s32289",10,"1"
"U154","s13983",20,"2"
"U154","s61164",21,"2"
"U154","s134593",43,"5"
"U155","s84431",29,"3"
"U155","s160343",42,"5"
"U155","s105053",27,"3"
"U155","s78200",3,"1"
"U155","s41883",28,"3"
"U155","s105512",45,"5"
"U155","s124762",31,"3"
"U155","s159059",9,"1"
"U155","s95937",33,"4"
"U155","s73022",49,"5"
"U155","s18775",3,"1"
"U155","s29304",46,"5"
"U155","s106891",48,"5"
"U155","s139032",6,"1"
"U156","s81757",48,"5"
"U156","s57806",19,"2"
"U156","s1519",45,"5"
"U156","s169481",8,"1"
"U156","s35012",6,"1"
"U156","s54245",34,"4"
"U156","s115662",21,"2"
"U156","s159643",17,"2"
"U156","s164042",27,"3"
"U156","s162455",18,"2"
"U156","s93582",7,"1"
"U157","s156065",36,"4"
"U157","s18558",14,"2"
"U157","s40767",1,"1"
"U157","s83042",26,"3"
"U157","s81368",30,"3"
"U157","s41925",17,"2"
"U157","s45220",43,"5"
"U157","s16781",14,"2"
"U157","s71607",48,"5"
"U157","s132609",2,"1"
"U157","s9276",50,"5"
"U157","s135452",42,"5"
"U157","s53436",3,"1"
"U157","s122131",28,"3"
"U157","s39928",16,"2"
"U157","s72639",10,"1"
"U157","s135582",32,"4"
"U157","s21475",30,"3"
"U157","s51571",38,"4"
"U157","s4372",6,"1"
"U157","s49954",29,"3"
"U157","s112148",13,"2"
"U157","s110649",24,"3"
"U157","s126069",1,"1"
"U158","s96435",49,"5"
"U158","s92961",3,"1"
"U158","s57111",45,"5"
"U158","s105349",36,"4"
"U158","s67592",23,"3"
"U158","s116060",15,"2"
"U158","s50740",5,"1"
"U158","s136451",49,"5"
"U158","s155028",13,"2"
"U158","s96236",39,"4"
"U159","s80857",8,"1"
"U159","s143269",29,"3"
"U159","s162464",39,"4"
"U159","s154848",4,"1"
"U159","s91927",3,"1"
"U159","s106269",6,"1"
"U159","s64563",5,"1"
"U159","s16933",24,"3"
"U159","s85456",12,"2"
"U159","s55105",14,"2"
"U159","s86562",32,"4"
"U159","s26543",27,"3"
"U159","s5269",8,"1"
"U159","s67435",14,"2"
"U159","s141309",43,"5"
"U159","s32962",28,"3"
"U159","s151368",22,"3"
"U159","s145200",48,"5"
"U159","s100645",19,"2"
"U159","s8995",43,"5"
"U159","s120168",20,"2"
"U159","s18020",40,"4"
"U159","s28238",2,"1"
"U159","s12000",10,"1"
"U160","s170054",20,"2"
"U160","s31540",13,"2"
"U160","s152725",2,"1"
"U160","s45758",1,"1"
"U160","s26607",41,"5"
"U160","s66282",20,"2"
"U160","s165113",40,"4"
"U160","s38179",13,"2"
"U160","s138988",18,"2"
"U160","s159551",22,"3"
"U160","s15510",31,"3"
"U160","s46892",9,"1"
"U160","s83603",19,"2"
"U160","s54750",9,"1"
"U160","s125062",22,"3"
"U160","s77786",40,"4"
"U160","s78130",46,"5"
"U160","s58221",31,"3"
"U160","s159034",23,"3"
"U160","s82323",50,"5"
"U160","s157816",40,"4"
"U160","s91948",1,"1"
"U160","s85804",49,"5"
"U160","s162606",41,"5"
"U160","s112110",33,"4"
"U161","s113140",6,"1"
"U161","s28942",18,"2"
"U161","s25722",21,"2"
"U161","s122842",17,"2"
"U161","s110977",29,"3"
"U161","s117208",46,"5"
"U161","s94779",17,"2"
"U161","s97060",16,"2"
"U161","s170312",26,"3"
"U161","s99443",10,"1"
"U161","s51489",22,"3"
"U161","s23361",23,"3"
"U161","s60982",46,"5"
"U161","s15094",27,"3"
"U161","s2057",8,"1"
"U161","s148104",33,"4"
"U162","s160070",15,"2"
"U162","s112504",41,"5"
"U162","s130917",14,"2"
"U162","s162460",8,"1"
"U162","s141524",8,"1"
"U162","s54996",4,"1"
"U162","s138598",3,"1"
"U162","s99096",14,"2"
"U162","s56887",49,"5"
"U162","s128394",2,"1"
"U162","s84471",47,"5"
"U162","s95170",11,"2"
"U162","s88047",43,"5"
"U162","s141308",31,"3"
"U162","s107242",7,"1"
"U162","s145882",47,"5"
"U162","s151918",13,"2"
"U163","s21886",8,"1"
"U163","s91295",2,"1"
"U163","s45859",13,"2"
"U163","s2215",10,"1"
"U163","s116683",31,"3"
"U163","s138089",21,"2"
"U163","s144011",29,"3"
"U163","s29980",13,"2"
"U163","s168054",38,"4"
"U163","s139129",23,"3"
"U163","s163969",34,"4"
"U163","s94685",37,"4"
"U163","s30138",3,"1"
"U163","s119009",37,"4"
"U163","s159930",38,"4"
"U163","s71617",27,"3"
"U163","s135744",38,"4"
"U163","s128217",47,"5"
"U163","s9103",25,"3"
"U163","s92185",33,"4"
"U163","s158399",47,"5"
"U163","s140870",27,"3"
"U163","s87797",15,"2"
"U163","s157129",38,"4"
"U163","s98808",6,"1"
"U164","s96510",39,"4"
"U164","s70826",41,"5"
"U164","s16090",33,"4"
"U164","s151555",26,"3"
"U164","s58435",46,"5"
"U164","s51903",47,"5"
"U164","s154301",28,"3"
"U164","s84860",13,"2"
"U164","s136182",21,"2"
"U164","s121939",29,"3"
"U164","s9696",4,"1"
"U164","s89983",4,"1"
"U164","s44046",40,"4"
"U164","s67217",47,"5"
"U164","s102932",25,"3"
"U164","s142496",17,"2"
"U164","s86966",45,"5"
"U164","s156893",19,"2"
"U164","s48683",20,"2"
"U164","s72813",7,"1"
"U164","s113644",3,"1"
"U164","s56562",19,"2"
"U164","s158840",35,"4"
"U165","s123615",42,"5"
"U165","s52846",28,"3"
"U165","s94857",21,"2"
"U165","s93497",45,"5"
"U165","s15777",46,"5"
"U165","s117202",42,"5"
"U165","s98302",11,"2"
"U165","s26860",11,"2"
"U165","s161487",34,"4"
"U165","s72233",48,"5"
"U165","s63384",4,"1"
"U165","s85759",45,"5"
"U165","s41277",16,"2"
"U165","s6014",46,"5"
"U165","s81970",7,"1"
"U165","s61334",44,"5"
"U165","s87663",50,"5"
"U165","s101362",12,"2"
"U166","s19122",48,"5"
"U166","s124412",41,"5"
"U166","s49702",48,"5"
"U166","s112721",46,"5"
"U166","s116482",19,"2"
"U166","s58000",49,"5"
"U166","s160182",18,"2"
"U166","s63023",18,"2"
"U166","s97634",34,"4"
"U166","s137352",35,"4"
"U166","s136148",11,"2"
"U166","s99306",6,"1"
"U166","s147286",11,"2"
"U166","s103957",1,"1"
"U166","s53676",2,"1"
"U166","s85592",6,"1"
"U166","s105213",32,"4"
"U166","s65914",10,"1"
"U166","s154843",50,"5"
"U166","s39158",50,"5"
"U166","s142918",38,"4"
"U166","s107318",34,"4"
"U167","s147597",47,"5"
"U167","s78938",33,"4"
"U167","s138471",41,"5"
"U167","s136208",38,"4"
"U167","s40416",15,"2"
"U167","s19656",9,"1"
"U167","s18040",18,"2"
"U167","s133139",40,"4"
"U167","s79016",40,"4"
"U167","s95611",15,"2"
"U167","s3945",38,"4"
"U167","s71406",49,"5"
"U167","s109724",5,"1"
"U167","s49592",7,"1"
"U167","s71588",7,"1"
"U167","s154568",27,"3"
"U167","s50849",33,"4"
"U167","s48588",13,"2"
"U167","s35476",37,"4"
"U167","s14523",43,"5"
"U167","s53290",5,"1"
"U167","s44484",24,"3"
"U167","s69831",47,"5"
"U167","s970",24,"3"
"U167","s10604",47,"5"
"U167","s93352",33,"4"
"U168","s93882",24,"3"
"U168","s158238",8,"1"
"U168","s140664",43,"5"
"U168","s101376",31,"3"
"U168","s23441",4,"1"
"U168","s82441",42,"5"
"U168","s99825",23,"3"
"U168","s82559",25,"3"
"U168","s61945",11,"2"
"U168","s73586",34,"4"
"U168","s15305",30,"3"
"U168","s65990",28,"3"
"U168","s18408",31,"3"
"U168","s1868",14,"2"
"U168","s36398",20,"2"
"U168","s98740",25,"3"
"U168","s69452",34,"4"
"U168","s134777",44,"5"
"U168","s146325",16,"2"
"U168","s5017",49,"5"
"U168","s49523",46,"5"
"U168","s90605",18,"2"
"U168","s12351",40,"4"
"U168","s6077",4,"1"
"U168","s19699",9,"1"
"U168","s152079",4,"1"
"U168","s146180",49,"5"
"U168","s97686",25,"3"
"U168","s68850",39,"4"
"U168","s54042",7,"1"
"U169","s83085",37,"4"
"U169","s61776",11,"2"
"U169","s52162",9,"1"
"U169","s31093",2,"1"
"U169","s82374",42,"5"
"U169","s137341",19,"2"
"U169","s11665",8,"1"
"U169","s33496",40,"4"
"U169","s9242",36,"4"
"U169","s19118",46,"5"
"U169","s167137",26,"3"
"U169","s81234",1,"1"
"U169","s138465",39,"4"
"U169","s59395",27,"3"
"U169","s96254",33,"4"
"U169","s57695",9,"1"
"U169","s122995",26,"3"
"U169","s126098",45,"5"
"U170","s161783",23,"3"
"U170","s63545",8,"1"
"U170","s129011",23,"3"
"U170","s145023",21,"2"
"U170","s1933",34,"4"
"U170","s5229",41,"5"
"U170","s13679",39,"4"
"U170","s75473",5,"1"
"U170","s36195",11,"2"
"U170","s25660",30,"3"
"U170","s145972",19,"2"
"U170","s16905",18,"2"
"U170","s93482",31,"3"
"U170","s79894",10,"1"
"U170","s148505",25,"3"
"U170","s89305",15,"2"
"U170","s89069",4,"1"
"U170","s31099",6,"1"
"U170","s47804",45,"5"
"U170","s55532",34,"4"
"U170","s4879",44,"5"
"U170","s83769",40,"4"
"U170","s89413",35,"4"
"U170","s10965",35,"4"
"U170","s121532",36,"4"
"U170","s63159",10,"1"
"U170","s20393",41,"5"
"U170","s120104",3,"1"
"U170","s138005",18,"2"
"U171","s122237",42,"5"
"U171","s20776",21,"2"
"U171","s55282",22,"3"
"U171","s116043",23,"3"
"U171","s2376",49,"5"
"U171","s55007",27,"3"
"U171","s94605",4,"1"
"U171","s125055",27,"3"
"U171","s14106",30,"3"
"U171","s131314",40,"4"
"U171","s169771",21,"2"
"U171","s31841",30,"3"
"U171","s6299",47,"5"
"U171","s36362",4,"1"
"U171","s138164",18,"2"
"U171","s13222",27,"3"
"U171","s60237",46,"5"
"U171","s131145",9,"1"
"U171","s86763",5,"1"
"U171","s83029",6,"1"
"U171","s20622",31,"3"
"U171","s150517",15,"2"
"U172","s106335",21,"2"
"U172","s86187",12,"2"
"U172","s32436",41,"5"
"U172","s39317",28,"3"
"U172","s108924",32,"4"
"U172","s71426",2,"1"
"U172","s92576",21,"2"
"U172","s84211",8,"1"
"U172","s34127",47,"5"
"U172","s55071",3,"1"
"U172","s6131",12,"2"
"U172","s48176",42,"5"
"U172","s139894",4,"1"
"U172","s128445",22,"3"
"U172","s72956",40,"4"
"U172","s100867",34,"4"
"U172","s1829",46,"5"
"U172","s13039",30,"3"
"U172","s115997",12,"2"
"U172","s135671",43,"5"
"U173","s103225",16,"2"
"U173","s6129",40,"4"
"U173","s137215",33,"4"
"U173","s113102",26,"3"
"U173","s168621",2,"1"
"U173","s98253",9,"1"
"U173","s90357",31,"3"
"U173","s148545",25,"3"
"U173","s119664",9,"1"
"U173","s35448",42,"5"
"U173","s56473",30,"3"
"U173","s5788",42,"5"
"U173","s86788",30,"3"
"U173","s91815",34,"4"
"U173","s45439",24,"3"
"U173","s114259",39,"4"
"U173","s158253",26,"3"
"U173","s104182",49,"5"
"U173","s8099",30,"3"
"U173","s129694",27,"3"
"U173","s26081",47,"5"
"U173","s30206",41,"5"
"U173","s154795",37,"4"
"U173","s10508",47,"5"
"U173","s52924",41,"5"
"U173","s24571",19,"2"
"U173","s101560",29,"3"
"U174","s94860",9,"1"
"U174","s20278",18,"2"
"U174","s158951",27,"3"
"U174","s143988",20,"2"
"U174","s65110",36,"4"
"U174","s68502",43,"5"
"U174","s78017",29,"3"
"U174","s136793",15,"2"
"U174","s169531",18,"2"
"U174","s71853",27,"3"
"U174","s139463",36,"4"
"U174","s103470",50,"5"
"U174","s72399",44,"5"
"U174","s19742",3,"1"
"U174","s13361",39,"4"
"U175","s27113",2,"1"
"U175","s72808",37,"4"
"U175","s139608",13,"2"
"U175","s105295",31,"3"
"U175","s120828",18,"2"
"U175","s23191",18,"2"
"U175","s159275",19,"2"
"U175","s128017",32,"4"
"U175","s41446",24,"3"
"U175","s31112",5,"1"
"U175","s168744",36,"4"
"U175","s116291",21,"2"
"U175","s50706",25,"3"
"U175","s124367",12,"2"
"U175","s85410",45,"5"
"U175","s39719",47,"5"
"U175","s21113",38,"4"
"U175","s98781",39,"4"
"U176","s17344",7,"1"
"U176","s71302",43,"5"
"U176","s161389",13,"2"
"U176","s137594",43,"5"
"U176","s20269",47,"5"
"U176","s109032",37,"4"
"U176","s53648",12,"2"
"U176","s25657",22,"3"
"U176","s133664",16,"2"
"U176","s69414",25,"3"
"U176","s49376",12,"2"
"U176","s131801",41,"5"
"U176","s50519",14,"2"
"U176","s164365",31,"3"
"U176","s66587",29,"3"
"U176","s43049",13,"2"
"U176","s170447",46,"5"
"U176","s32393",22,"3"
"U176","s99748",2,"1"
"U176","s63985",8,"1"
"U176","s64206",42,"5"
"U176","s88016",13,"2"
"U176","s24785",43,"5"
"U176","s109035",31,"3"
"U176","s155666",8,"1"
"U176","s141963",3,"1"
"U176","s167556",40,"4"
"U176","s87640",21,"2"
"U176","s44883",1,"1"
"U176","s159726",26,"3"
"U177","s37138",12,"2"
"U177","s102509",28,"3"
"U177","s87298",32,"4"
"U177","s144020",27,"3"
"U177","s26035",13,"2"
"U177","s33820",40,"4"
"U177","s89405",43,"5"
"U177","s59031",22,"3"
"U177","s35866",43,"5"
"U177","s65256",30,"3"
"U177","s1574",46,"5"
"U177","s162640",16,"2"
"U177","s64267",28,"3"
"U177","s75400",23,"3"
"U177","s152704",9,"1"
"U177","s157981",5,"1"
"U177","s101082",3,"1"
"U177","s168043",48,"5"
"U177","s126598",49,"5"
"U177","s16145",4,"1"
"U177","s86633",14,"2"
"U177","s163556",28,"3"
"U178","s1596",9,"1"
"U178","s123168",6,"1"
"U178","s127520",41,"5"
"U178","s76476",29,"3"
"U178","s27495",49,"5"
"U178","s56869",12,"2"
"U178","s161792",15,"2"
"U178","s129536",25,"3"
"U178","s18065",4,"1"
"U178","s37193",28,"3"
"U178","s9898",29,"3"
"U178","s30402",9,"1"
"U178","s77524",25,"3"
"U178","s62844",37,"4"
"U178","s155542",28,"3"
"U178","s18023",24,"3"
"U178","s122532",40,"4"
"U178","s81165",44,"5"
"U178","s37734",46,"5"
"U178","s137002",40,"4"
"U179","s114798",1,"1"
"U179","s14799",34,"4"
"U179","s100082",6,"1"
"U179","s34545",43,"5"
"U179","s28722",23,"3"
"U179","s2127",15,"2"
"U179","s39280",29,"3"
"U179","s92253",45,"5"
"U179","s134781",20,"2"
"U179","s68230",42,"5"
"U180","s141586",15,"2"
"U180","s97396",10,"1"
"U180","s135546",44,"5"
"U180","s57233",35,"4"
"U180","s80629",35,"4"
"U180","s29242",4,"1"
"U180","s65540",1,"1"
"U180","s67089",49,"5"
"U180","s124750",7,"1"
"U180","s65655",10,"1"
"U180","s140282",47,"5"
"U180","s157798",44,"5"
"U180","s158876",3,"1"
"U180","s28886",44,"5"
"U180","s122193",13,"2"
"U180","s75099",24,"3"
"U180","s45067",49,"5"
"U180","s36614",27,"3"
"U181","s74289",8,"1"
"U181","s146616",18,"2"
"U181","s102720",17,"2"
"U181","s151857",19,"2"
"U181","s24671",50,"5"
"U181","s161862",33,"4"
"U181","s125873",25,"3"
"U181","s69931",32,"4"
"U181","s5918",26,"3"
"U181","s114417",1,"1"
"U181","s84587",36,"4"
"U181","s44673",50,"5"
"U181","s15652",45,"5"
"U181","s8669",40,"4"
"U181","s9279",6,"1"
"U181","s57890",13,"2"
"U181","s103173",19,"2"
"U181","s164424",48,"5"
"U182","s121993",23,"3"
"U182","s157024",41,"5"
"U182","s62232",45,"5"
"U182","s112095",38,"4"
"U182","s107813",14,"2"
"U182","s32556",44,"5"
"U182","s165723",29,"3"
"U182","s53474",44,"5"
"U182","s119300",3,"1"
"U182","s115525",14,"2"
"U182","s50799",37,"4"
"U182","s72575",14,"2"
"U182","s130106",37,"4"
"U182","s24795",36,"4"
"U182","s165633",35,"4"
"U182","s44083",38,"4"
"U182","s93705",43,"5"
"U182","s49822",18,"2"
"U182","s162271",24,"3"
"U182","s42325",43,"5"
"U182","s3712",13,"2"
"U182","s184",21,"2"
"U182","s134441",27,"3"
"U182","s67782",41,"5"
"U182","s29948",7,"1"
"U182","s122597",27,"3"
"U182","s95545",29,"3"
"U183","s102375",25,"3"
"U183","s144191",19,"2"
"U183","s24967",39,"4"
"U183","s153148",42,"5"
"U183","s144565",34,"4"
"U183","s73183",1,"1"
"U183","s34803",33,"4"
"U183","s161358",37,"4"
"U183","s14990",37,"4"
"U183","s95896",27,"3"
"U183","s90675",9,"1"
"U183","s103305",18,"2"
"U183","s166813",29,"3"
"U183","s168379",8,"1"
"U183","s137775",33,"4"
"U183","s13902",37,"4"
"U183","s8752",37,"4"
"U183","s115155",27,"3"
"U183","s141476",18,"2"
"U183","s151906",32,"4"
"U183","s53530",21,"2"
"U183","s43265",1,"1"
"U184","s12636",29,"3"
"U184","s169129",25,"3"
"U184","s72617",42,"5"
"U184","s118734",39,"4"
"U184","s78273",48,"5"
"U184","s23885",48,"5"
"U184","s95096",12,"2"
"U184","s121934",17,"2"
"U184","s46039",49,"5"
"U184","s135303",32,"4"
"U184","s24743",4,"1"
"U184","s148528",45,"5"
"U184","s42213",15,"2"
"U184","s96591",8,"1"
"U184","s114192",19,"2"
"U184","s122579",17,"2"
"U184","s28183",8,"1"
"U184","s84228",46,"5"
"U185","s20387",20,"2"
"U185","s124057",40,"4"
"U185","s11558",31,"3"
"U185","s82367",48,"5"
"U185","s163202",20,"2"
"U185","s124110",13,"2"
"U185","s116882",50,"5"
"U185","s132144",27,"3"
"U185","s121792",34,"4"
"U185","s15879",36,"4"
"U185","s163692",48,"5"
"U185","s113875",4,"1"
"U185","s61463",50,"5"
"U185","s131646",30,"3"
"U185","s26486",16,"2"
"U185","s144974",18,"2"
"U185","s11624",28,"3"
"U185","s154113",37,"4"
"U185","s22970",40,"4"
"U185","s131050",27,"3"
"U185","s163159",12,"2"
"U185","s94402",22,"3"
"U185","s20957",14,"2"
"U185","s122545",43,"5"
"U185","s27266",41,"5"
"U185","s44619",38,"4"
"U185","s35609",14,"2"
"U185","s69417",12,"2"
"U186","s98069",5,"1"
"U186","s41452",28,"3"
"U186","s27769",42,"5"
"U186","s38250",44,"5"
"U186","s77938",13,"2"
"U186","s26017",25,"3"
"U186","s135687",47,"5"
"U186","s22034",33,"4"
"U186","s62789",29,"3"
"U186","s159247",5,"1"
"U186","s23683",23,"3"
"U186","s82309",32,"4"
"U186","s6341",50,"5"
"U186","s106509",3,"1"
"U186","s142621",12,"2"
"U186","s78637",38,"4"
"U186","s93964",31,"3"
"U186","s16067",30,"3"
"U186","s56306",13,"2"
"U186","s91153",1,"1"
"U186","s26490",33,"4"
"U186","s61240",34,"4"
"U186","s123742",39,"4"
"U186","s96613",49,"5"
"U186","s85648",49,"5"
"U187","s16573",22,"3"
"U187","s79593",1,"1"
"U187","s7887",36,"4"
"U187","s80696",30,"3"
"U187","s79242",2,"1"
"U187","s104081",7,"1"
"U187","s131377",21,"2"
"U187","s107366",39,"4"
"U187","s122217",42,"5"
"U187","s61679",7,"1"
"U187","s53070",31,"3"
"U187","s19156",3,"1"
"U187","s1337",37,"4"
"U187","s39408",49,"5"
"U188","s140819",19,"2"
"U188","s38253",19,"2"
"U188","s17794",22,"3"
"U188","s48866",17,"2"
"U188","s45679",38,"4"
"U188","s110647",39,"4"
"U188","s157536",9,"1"
"U188","s68321",49,"5"
"U188","s97093",46,"5"
"U188","s98979",29,"3"
"U188","s141091",12,"2"
"U188","s121508",5,"1"
"U188","s169370",44,"5"
"U188","s97358",30,"3"
"U188","s67500",4,"1"
"U188","s134710",35,"4"
"U188","s45111",33,"4"
"U188","s106286",28,"3"
"U188","s72248",43,"5"
"U188","s92405",29,"3"
"U188","s22484",9,"1"
"U188","s149736",9,"1"
"U188","s47482",34,"4"
"U188","s142118",42,"5"
"U188","s145801",20,"2"
"U188","s23769",40,"4"
"U188","s67408",4,"1"
"U188","s130356",6,"1"
"U189","s77024",23,"3"
"U189","s155345",9,"1"
"U189","s67049",14,"2"
"U189","s68354",38,"4"
"U189","s157678",9,"1"
"U189","s97126",41,"5"
"U189","s52335",13,"2"
"U189","s96876",16,"2"
"U189","s81131",31,"3"
"U189","s156032",40,"4"
"U189","s49416",20,"2"
"U189","s64231",36,"4"
"U189","s71686",6,"1"
"U189","s8296",31,"3"
"U189","s69809",22,"3"
"U189","s108167",30,"3"
"U189","s68745",48,"5"
"U189","s106782",33,"4"
"U189","s133191",11,"2"
"U189","s8659",40,"4"
"U189","s39824",34,"4"
"U189","s112740",37,"4"
"U189","s153526",40,"4"
"U189","s158991",20,"2"
"U190","s132561",33,"4"
"U190","s93002",26,"3"
"U190","s168756",50,"5"
"U190","s28370",6,"1"
"U190","s137391",35,"4"
"U190","s120945",48,"5"
"U190","s93982",44,"5"
"U190","s105666",13,"2"
"U190","s129964",6,"1"
"U190","s3117",7,"1"
"U190","s126479",14,"2"
"U190","s134967",36,"4"
"U190","s144196",1,"1"
"U190","s61584",6,"1"
"U190","s64998",18,"2"
"U190","s59475",16,"2"
"U190","s86868",21,"2"
"U190","s62440",22,"3"
"U190","s168564",9,"1"
"U190","s121926",46,"5"
"U190","s149611",45,"5"
"U190","s117434",9,"1"
"U191","s42424",24,"3"
"U191","s154321",15,"2"
"U191","s31580",45,"5"
"U191","s160254",19,"2"
"U191","s128735",29,"3"
"U191","s164638",3,"1"
"U191","s83690",28,"3"
"U191","s128377",39,"4"
"U191","s117792",31,"3"
"U191","s23968",6,"1"
"U191","s153769",24,"3"
"U191","s161703",39,"4"
"U191","s13115",9,"1"
"U191","s71289",5,"1"
"U191","s121380",7,"1"
"U191","s75115",45,"5"
"U192","s54981",39,"4"
"U192","s105763",41,"5"
"U192","s5293",4,"1"
"U192","s100312",4,"1"
"U192","s64917",11,"2"
"U192","s30532",27,"3"
"U192","s72539",29,"3"
"U192","s41533",44,"5"
"U192","s98836",47,"5"
"U192","s1575",13,"2"
"U192","s133117",12,"2"
"U192","s70366",14,"2"
"U192","s19279",8,"1"
"U192","s7958",21,"2"
"U192","s60395",38,"4"
"U192","s2300",29,"3"
"U192","s45790",9,"1"
"U192","s85382",16,"2"
"U192","s6802",47,"5"
"U192","s138791",12,"2"
"U192","s165171",17,"2"
"U192","s32272",7,"1"
"U192","s4828",18,"2"
"U193","s165859",50,"5"
"U193","s8060",23,"3"
"U193","s79926",1,"1"
"U193","s157415",10,"1"
"U193","s69669",25,"3"
"U193","s161603",32,"4"
"U193","s98215",44,"5"
"U193","s62374",39,"4"
"U193","s145379",30,"3"
"U193","s149908",1,"1"
"U194","s132155",1,"1"
"U194","s135653",17,"2"
"U194","s43992",20,"2"
"U194","s129345",36,"4"
"U194","s140709",45,"5"
"U194","s23303",7,"1"
"U194","s170119",36,"4"
"U194","s127102",13,"2"
"U194","s45202",21,"2"
"U194","s36727",18,"2"
"U194","s29319",30,"3"
"U194","s143164",4,"1"
"U194","s46724",12,"2"
"U194","s165195",31,"3"
"U194","s27563",31,"3"
"U194","s28173",38,"4"
"U194","s89162",42,"5"
"U194","s73862",47,"5"
"U194","s60822",46,"5"
"U194","s50186",36,"4"
"U194","s121932",43,"5"
"U194","s153213",34,"4"
"U194","s10015",9,"1"
"U195","s10688",38,"4"
"U195","s145932",2,"1"
"U195","s119292",13,"2"
"U195","s149797",25,"3"
"U195","s13125",50,"5"
"U195","s146313",9,"1"
"U195","s74656",26,"3"
"U195","s101165",42,"5"
"U195","s300",27,"3"
"U195","s30704",4,"1"
"U195","s124851",37,"4"
"U195","s14104",46,"5"
"U195","s29954",10,"1"
"U195","s93405",25,"3"
"U195","s56069",29,"3"
"U195","s40962",18,"2"
"U195","s111806",2,"1"
"U196","s81824",6,"1"
"U196","s95757",50,"5"
"U196","s45104",1,"1"
"U196","s95543",30,"3"
"U196","s86469",9,"1"
"U196","s130560",21,"2"
"U196","s79125",38,"4"
"U196","s49374",18,"2"
"U196","s108304",39,"4"
"U196","s47363",48,"5"
"U196","s16178",13,"2"
"U196","s13680",27,"3"
"U196","s163519",41,"5"
"U196","s19722",32,"4"
"U196","s33634",36,"4"
"U196","s9234",37,"4"
"U196","s27499",32,"4"
"U196","s77524",25,"3"
"U196","s78780",6,"1"
"U197","s25904",13,"2"
"U197","s129249",30,"3"
"U197","s85014",1,"1"
"U197","s164714",6,"1"
"U197","s107617",5,"1"
"U197","s127147",6,"1"
"U197","s38283",43,"5"
"U197","s162615",33,"4"
"U197","s110745",42,"5"
"U197","s119769",19,"2"
"U197","s169270",10,"1"
"U197","s84352",15,"2"
"U197","s21055",33,"4"
"U197","s76514",32,"4"
"U197","s103513",37,"4"
"U197","s64411",11,"2"
"U197","s114316",36,"4"
"U197","s151219",42,"5"
"U197","s25271",48,"5"
"U197","s30087",13,"2"
"U197","s55420",44,"5"
"U197","s131191",18,"2"
"U197","s115671",48,"5"
"U197","s156533",19,"2"
"U197","s142349",19,"2"
"U197","s78197",34,"4"
"U197","s39442",16,"2"
"U198","s27459",11,"2"
"U198","s85901",10,"1"
"U198","s135410",36,"4"
"U198","s105985",46,"5"
"U198","s149069",4,"1"
"U198","s113381",12,"2"
"U198","s38109",45,"5"
"U198","s16710",23,"3"
"U198","s92994",41,"5"
"U198","s132765",24,"3"
"U198","s86494",5,"1"
"U198","s147173",27,"3"
"U198","s63131",11,"2"
"U198","s117165",18,"2"
"U198","s32433",39,"4"
"U198","s52024",8,"1"
"U198","s48446",16,"2"
"U198","s103328",46,"5"
"U198","s326",11,"2"
"U198","s5057",5,"1"
"U198","s109211",10,"1"
"U198","s115118",36,"4"
"U199","s87902",36,"4"
"U199","s18982",36,"4"
"U199","s45582",44,"5"
"U199","s29171",15,"2"
"U199","s110409",4,"1"
"U199","s116679",14,"2"
"U199","s130903",3,"1"
"U199","s58366",27,"3"
"U199","s119741",50,"5"
"U199","s106201",50,"5"
"U199","s140984",36,"4"
"U199","s48242",38,"4"
"U199","s75919",32,"4"
"U199","s158375",33,"4"
"U199","s117758",11,"2"
"U199","s106022",6,"1"
"U199","s83081",23,"3"
"U200","s23759",30,"3"
"U200","s3436",31,"3"
"U200","s159368",12,"2"
"U200","s81626",1,"1"
"U200","s102219",37,"4"
"U200","s154499",18,"2"
"U200","s126803",41,"5"
"U200","s163467",13,"2"
"U200","s32849",37,"4"
"U200","s20046",47,"5"
"U200","s122689",34,"4"
"U200","s36751",41,"5"
"U200","s66852",29,"3"
"U200","s16873",40,"4"
"U200","s116573",7,"1"
